SAMPLE_ID,Aneuploidy Score,Buffa Hypoxia Score,Fraction Genome Altered,MSI MANTIS Score,MSIsensor Score,Mutation Count,Ragnum Hypoxia Score,TMB (nonsynonymous),Tumor Break Load,Winter Hypoxia Score
TCGA-44-7661-01,-1.2982229863407875,1.488452735143884,-1.3410270640248847,-0.274384402229917,-0.8305692686277537,0.416631664428206,1.535406389696969,1.0662555062024786,-1.42177323748652,1.266504740811931
TCGA-97-8547-01,-0.6503943222082799,0.16819167323347167,0.35180975969066824,1.0596782441563382,1.4001247705897946,-1.1041083389693787,-1.0062451618341848,-1.1176531592162056,0.6229849550724514,0.10573360812585994
TCGA-05-4415-01,0.6452630060567353,1.576470139271245,-0.5742142225721583,-0.48380121299985057,-0.8305692686277537,0.029616267981970264,1.253000661749063,-0.014348155516774964,0.49221260558054775,1.1117352564537881
TCGA-78-7147-01,0.7748287388832368,0.43224388561555416,1.8226174414601635,-0.29765293675990934,-0.28842207732544994,0.5184719238744816,0.4057834779053451,0.47531713348100596,1.7683111969763559,-0.12642061841135427
TCGA-86-A4D0-01,-0.6503943222082799,0.8723309062523583,0.23592137828467724,0.8812861460930603,1.5074998471646202,0.05536116142392135,1.11179779777511,-2.421888621186879,0.6762217999453131,0.2605030924840028
TCGA-05-4422-01,-1.0390915206877844,-0.6239649639127758,-0.1723956290990486,-1.2206381397829564,-0.45524792852723456,-1.3760669927341873,0.12337774995743914,-1.3544038863092223,0.6139570207999928,-0.7454985558439255
TCGA-78-7146-01,0.25656580757723074,1.4004353310165234,1.6839846113670156,-0.7475112710064367,2.0988678013452513,0.6515171485689686,1.535406389696969,0.6062262915035859,1.8088229133909928,1.1891199986328596
TCGA-78-7158-01,-1.4277887191672889,-0.8880171762948582,-0.6451552410963864,-0.0843580369016419,-0.8305692686277537,0.312776657914561,-1.0062451618341848,0.270666939794437,-1.3412019691665436,-0.6681138136648541
TCGA-44-3917-01,0.5156972732302337,0.08017426910611085,-0.16914642214374048,-0.06108950237164952,0.4857730322963024,0.09041217227315146,0.12337774995743914,0.05203473538680514,0.5865963799449517,0.02834886594678854
TCGA-78-7162-01,-1.2982229863407875,-1.5921564093137448,-1.1097918357054537,-0.27050631314158313,-0.8305692686277537,-0.8428797551059987,-1.2886508897820907,-0.8862471738924752,-1.0130030503854852,-1.3645764932764968
TCGA-93-7347-01,-1.1686572535142858,-1.1520693886769406,-1.333987115621717,0.7184064043831093,-0.8305692686277537,-0.4987553206086321,-1.0062451618341848,-0.5476760551396619,-0.9312028429157696,-1.596730719813711
TCGA-78-7156-01,-1.4277887191672889,-1.5041390051863839,-0.8168216752351678,-0.7824140728014263,2.0891480770822253,0.5318295913908232,-1.5710566177299967,0.4950537900518904,-0.9578212501671229,-1.6741154619927823
TCGA-55-7227-01,0.1270000747507292,-0.3599127515306933,-0.16914642214374048,-0.8444634982147401,-0.8305692686277537,-0.18275626832380817,-1.0062451618341848,-0.2292800406489406,-1.8436623214521124,-0.35857484494856845
TCGA-55-8511-01,0.6452630060567353,0.16819167323347167,-0.757252881054518,0.9898726405663588,2.057486982259525,1.0612439835571519,0.4057834779053451,1.0085301604476942,1.2327631429366668,0.10573360812585994
TCGA-95-A4VP-01,0.7748287388832368,-0.09586053914861081,-0.6462383100814892,0.4934772372598467,-0.8305692686277537,-0.4403368306569566,-0.15902797799046683,-0.49732002930649033,-0.4576154284941606,-0.5907290714857827
TCGA-55-6987-01,-1.0390915206877844,0.8723309062523583,-1.0383092826886742,-0.4139956094098734,-0.8305692686277537,0.16194392168193916,0.970594933801157,0.11920576605270507,-0.02681081914022858,1.1117352564537881
TCGA-05-4432-01,0.7748287388832368,0.43224388561555416,0.9003842006451965,-1.5463976232028562,-0.8305692686277537,1.110899686608371,0.829392069827204,1.0473766224281764,1.0761740116180192,0.6474268033793598
TCGA-78-7152-01,-1.1686572535142858,-1.0640519845495797,-0.5536359118552066,-0.07272376963664463,-0.8305692686277537,-0.023780166000903016,-1.4298537537560438,-0.05186632412586418,-0.3874569548034121,-0.822883298022997
TCGA-55-A48Y-01,-1.1686572535142858,0.16819167323347167,-0.3992985814780688,0.39264692096321163,-0.8305692686277537,0.5450328292969486,0.12337774995743914,0.501550782193764,1.7113969384010754,0.02834886594678854
TCGA-55-A494-01,1.6817888686687474,-0.007843135021249977,0.3750957428703769,0.12118068477996215,0.6765784517692608,0.1526712174168629,0.12337774995743914,0.10986437511307715,-0.2569777628103009,-0.2811901027694971
TCGA-62-8397-01,1.0339602045362397,-0.4479301556580541,-0.17077102562139454,-0.03394287875332328,1.5389975986696847,-1.7621299067774214,-1.1474480258081379,-1.6753682942366808,-1.0416459833265819,-0.7454985558439255
TCGA-95-7562-01,1.5522231358422458,1.576470139271245,0.800200319523195,0.9743602842130298,0.7622099067352958,0.7761917713346514,1.3942035257230159,0.7328973089718149,0.012672013364182073,1.498658967349145
TCGA-49-AARN-01,-1.0390915206877844,-1.3281041969316623,-0.42312609915032856,0.024228457571658753,-0.8305692686277537,1.3903482585032807,-1.2886508897820907,1.3108272588500576,-0.6304243867721354,-0.2811901027694971
TCGA-38-4632-01,1.0339602045362397,1.488452735143884,0.9215040458546997,-0.7397550928297711,0.14192610458915456,1.0313007019736387,1.253000661749063,0.9824588366708646,1.0973055704593793,0.7248115455584311
TCGA-75-7027-01,1.0339602045362397,1.04836571450708,2.137248981632504,-0.580753440208154,1.6225653373866693,0.1573173316011304,1.11179779777511,0.11920576605270507,-0.37046490278658817,0.7248115455584311
TCGA-78-7539-01,-0.26169712372877535,-1.5041390051863839,0.3155269486897272,-0.39460516396821277,-0.8305692686277537,0.8765664845748049,-1.7122594817039498,0.8316757262036019,1.322499051036775,-1.6741154619927823
TCGA-55-7281-01,0.3861315404037322,-0.6239649639127758,0.8619352516740499,-1.1042954671329923,-0.45524792852723456,0.896138959325967,-1.1474480258081379,1.5355846318744553,-0.8065289199298805,-0.2811901027694971
TCGA-53-7813-01,0.6452630060567353,0.520261289742915,-0.05867338566326293,0.8890423242697237,0.3794827046010024,-0.18912339533540246,0.970594933801157,-0.2552873790107811,-0.6100521109734768,0.10573360812585994
TCGA-67-3774-01,-1.0390915206877844,-1.1520693886769406,-0.25416733747430403,-1.4998605541428693,-0.8305692686277537,-0.6073462386670583,-0.7238394338862788,-0.6558200186567367,0.28637452117777223,-1.1324222667392825
TCGA-50-5055-01,-1.8164859176467936,-0.27189534740333243,-1.2354278379773693,-0.3131652931132383,-0.8305692686277537,-1.8640676480607186,-1.1474480258081379,-1.7467644746744782,-0.08109843909782366,-0.9002680402020683
TCGA-97-A4M3-01,-1.2982229863407875,-0.976034580422219,-0.1371958870832103,-0.3790928076148838,-0.8305692686277537,0.06043790504768112,-1.7122594817039498,0.016800743423392307,1.0973055704593793,-0.5907290714857827
TCGA-05-5429-01,-0.9095257878612829,0.9603483103797191,-0.08520857579827953,-0.49155739117651615,0.14192610458915456,-1.487579932216778,0.688189205853251,-1.4646484707184058,-0.8797374550135372,0.8021962877375025
TCGA-49-AAR3-01,-0.6503943222082799,0.2562090773608325,-1.3740606680705179,0.024228457571658753,-0.8305692686277537,-0.3398720522896515,0.688189205853251,-0.3806548928982584,-1.6604040329742529,0.4152725768421456
TCGA-50-6673-01,0.3861315404037322,-0.18387794327597162,-0.22817368183183875,-0.9685623490413675,-0.45524792852723456,-0.728937251166293,-0.4414337059383728,-0.7444344145634864,0.7364217484787229,-0.2811901027694971
TCGA-97-7552-01,-1.5573544519937905,-1.5921564093137448,-1.4005958582055344,-0.3829708967032155,-0.8305692686277537,-1.4641765762206986,-1.2886508897820907,-1.4455303706382796,-1.5098261423057435,-2.0610391728881394
TCGA-91-6848-01,-0.0025656580757723096,0.6962960979976366,-0.031596661035694876,-0.697096112858118,-0.8305692686277537,1.162481321626948,0.829392069827204,1.0975627746496393,1.5483555851798534,0.2605030924840028
TCGA-44-3918-01,-0.39126285655527687,0.6082786938702758,-0.16914642214374048,-0.20070070955160596,-0.8305692686277537,1.6655359703813761,-0.017825114016513852,2.239615075198756,0.923815398403476,1.498658967349145
TCGA-55-7815-01,1.2930916701892428,-0.09586053914861081,-0.7068901732472416,0.8231148097680783,-0.8305692686277537,-0.3472655853402156,-0.7238394338862788,-0.38805910395601634,-0.00037639103120905667,-0.5907290714857827
TCGA-05-4430-01,0.6452630060567353,-0.007843135021249977,-0.883430417818985,-1.2904437433729357,-0.8305692686277537,0.3601232195782386,-0.017825114016513852,0.3218385165983745,0.6936252036380766,0.8795810299165739
TCGA-05-4418-01,-1.1686572535142858,1.488452735143884,-0.644613706603835,-1.6045689595278383,-0.6355507573333162,0.29653865144848357,0.970594933801157,0.2625700301007926,-0.9578212501671229,1.4212742251700736
TCGA-69-8255-01,0.6452630060567353,1.1363831186344409,0.7893696296721678,0.795968186149752,1.1110103407282799,0.39436725859788146,1.11179779777511,0.3706446834280211,1.2908961082349881,0.49265731902121696
TCGA-44-6148-01,-1.686920184820292,-1.7681912175684664,-1.271169114485759,-0.7513893600947683,-0.8305692686277537,-2.626892742455914,-1.4298537537560438,-1.9614153296086543,-2.6994069322077103,-1.9062696885299966
TCGA-55-8096-01,1.1635259373627413,0.2562090773608325,-0.9289193151932994,1.3505349257812482,-0.45524792852723456,-0.30366747169247016,-0.3002308419644198,-0.35152794430779744,-0.10899375605987946,0.5700420612002883
TCGA-91-8496-01,-1.4277887191672889,-0.18387794327597162,-0.2823271310869749,1.0674344223330015,-0.8305692686277537,-1.5615946849951154,-1.2886508897820907,-1.523965948333646,-0.4397335753026336,-0.2811901027694971
TCGA-49-4488-01,1.2930916701892428,0.8723309062523583,0.8202370957475953,-0.7397550928297711,0.8419922846916,0.3981086464081389,0.5469863418792981,0.3558665865950847,1.7734148282950855,0.7248115455584311
TCGA-53-7626-01,-0.6503943222082799,-1.5041390051863839,-0.04784269581223571,0.07076552663164352,-0.8305692686277537,1.8651312719791788,-0.5826365699123258,1.7329095616610364,-0.10899375605987946,-1.5193459776346396
TCGA-97-8177-01,0.5156972732302337,0.6962960979976366,-0.5124792904213031,0.8308709879447417,0.2651005523896654,-1.5362528386017056,-0.5826365699123258,-1.5038554276222542,0.7864984351752115,0.8021962877375025
TCGA-05-4427-01,0.6452630060567353,-0.007843135021249977,0.7184286111479395,-0.4450203221165292,0.4857730322963024,1.7542321638458167,0.4057834779053451,1.6302310730392229,1.3659532375065526,0.10573360812585994
TCGA-55-8508-01,-0.26169712372877535,0.16819167323347167,-0.444787478852383,0.5206238608781708,-0.8305692686277537,-0.09154646401671133,-0.7238394338862788,-0.136944636099094,-0.3207020650228599,0.33788783466307415
TCGA-97-7937-01,1.4226574030157444,0.2562090773608325,1.0141064440809824,0.38489074278654606,-0.28842207732544994,0.9130029659154161,0.12337774995743914,0.8595477306931802,0.5210639515946688,0.2605030924840028
TCGA-97-A4M1-01,0.6452630060567353,-1.5921564093137448,-0.08899931724613909,-0.3597023621732231,-0.8305692686277537,-1.3760669927341873,-1.8534623456779027,-1.372063912844785,0.7448626307287846,-1.4419612354555682
TCGA-05-4389-01,0.6452630060567353,0.6082786938702758,1.059053806962745,-0.9724404381296993,0.00919080116066151,0.14800540449275426,0.970594933801157,0.10516287121577596,0.7532650528823638,0.4152725768421456
TCGA-49-AARE-01,0.5156972732302337,0.9603483103797191,0.19747242931353065,0.6990159589414486,-0.28842207732544994,2.0173924724494396,0.829392069827204,1.8649167760908316,1.6259413048527627,0.9569657720956453
TCGA-38-A44F-01,-1.8164859176467936,-0.8880171762948582,-1.4206326344299347,0.4546963463765254,-0.8305692686277537,-2.330266619236525,-1.1474480258081379,-2.021742390439961,-2.311950333715346,-1.1324222667392825
TCGA-05-4417-01,0.5156972732302337,-0.7119823680401365,0.04096896096618726,-0.48380121299985057,-0.8305692686277537,0.4456509762014246,-0.8650422978602318,0.420792599111396,0.025610920102868966,-0.9002680402020683
TCGA-L9-A50W-01,-0.6503943222082799,-0.8880171762948582,-0.018599833214462153,-0.23172542225826176,-0.8305692686277537,-1.5615946849951154,-1.0062451618341848,-1.5038554276222542,-0.5316289737409202,-1.3645764932764968
TCGA-86-7711-01,0.1270000747507292,0.8723309062523583,0.9409992875865486,-0.5303382820598375,-0.8305692686277537,0.13388799072578975,0.970594933801157,0.7710588156739702,0.4727093011682319,0.8021962877375025
TCGA-05-4382-01,0.9043944717097383,0.8723309062523583,-0.9581621777910728,0.13669304113328895,0.00919080116066151,2.325689147442952,0.970594933801157,2.1210037786063625,1.2717002593780569,1.1891199986328596
TCGA-69-7980-01,0.9043944717097383,-0.7119823680401365,0.8873873728239641,2.02920051623937,1.3594942328235342,1.462374698209666,0.2645806139313921,1.3733452138783666,1.1042997915829569,-0.2811901027694971
TCGA-55-7570-01,-0.6503943222082799,1.04836571450708,-0.059214920155814234,-0.5885096183848195,-0.8305692686277537,0.6722696979079779,1.3942035257230159,1.3311481121339128,-0.15184133354181176,0.9569657720956453
TCGA-44-5643-01,0.5156972732302337,0.520261289742915,1.6601570936947552,0.20262055563493656,0.3794827046010024,-0.4403368306569566,0.829392069827204,0.16025883800719842,-0.2569777628103009,0.7248115455584311
TCGA-49-AAQV-01,-0.6503943222082799,1.4004353310165234,-0.4745718759427079,0.5283800390548363,-0.8305692686277537,-0.9181021411716693,0.829392069827204,-0.9582557442224451,-0.02681081914022858,0.8795810299165739
TCGA-75-7025-01,0.5156972732302337,-1.4161216010590232,-0.2547088719668555,-0.7669017164480973,0.9857566321474833,-1.5615946849951154,-1.2886508897820907,-1.523965948333646,-1.4647600344421503,-1.209807008918354
TCGA-64-1677-01,0.7748287388832368,1.576470139271245,-0.7290930874418473,-1.666618384941152,-0.1339493641313667,0.0705210371919969,1.817812117644875,0.032042917389387617,0.025610920102868966,1.8855826782445022
TCGA-05-5425-01,-1.686920184820292,0.34422648148819335,-0.03917814393141399,-0.6079000638264802,-0.8305692686277537,1.1129248794032935,0.12337774995743914,1.0549704572487,1.1457584202410307,-0.4359595871276399
TCGA-62-A471-01,1.1635259373627413,1.7525049475259666,0.9669929432290141,0.6524788898814639,-0.6355507573333162,-0.656244693722448,1.535406389696969,-0.6943382918001426,0.26433282385683715,2.040352162602645
TCGA-MP-A4SY-01,-0.7799600550347814,1.3124179268891625,-0.9094240734614505,-0.24335968952325904,-0.8305692686277537,-0.13314457026921286,-0.15902797799046683,-0.1790593129168456,-1.4647600344421503,1.8081979360654308
TCGA-05-4433-01,-1.1686572535142858,-0.8880171762948582,-0.5601343257658228,-0.4062394312332079,-0.8305692686277537,-1.5362528386017056,-0.15902797799046683,-1.4840866334997997,-0.37046490278658817,-1.1324222667392825
TCGA-05-4395-01,1.2930916701892428,1.9285397557806883,1.6108774548725815,-0.7824140728014263,1.7320941505727467,0.23776721637218665,0.829392069827204,0.19546832682889345,0.30812648625023514,1.9629674204235736
TCGA-99-AA5R-01,-1.946051650473295,-1.5041390051863839,-1.4168418929820754,0.7106502262064459,-0.8305692686277537,-1.1200119150574315,-1.2886508897820907,-1.1320018173358597,-1.3412019691665436,-1.8288849463509251
TCGA-49-6761-01,0.1270000747507292,1.3124179268891625,-0.7215116045461283,-0.8754882109213958,-0.6355507573333162,0.4348557897746862,0.2645806139313921,0.39959277774987567,-0.5702497940054905,1.1891199986328596
TCGA-38-4625-01,0.1270000747507292,1.488452735143884,1.4283803308827732,-1.3835178814929052,0.2651005523896654,1.1209918127215228,1.11179779777511,1.0549704572487,-0.26478873900939054,1.498658967349145
TCGA-55-1592-01,0.9043944717097383,-0.18387794327597162,1.7392211296072542,-1.3757617033162417,0.5846104986441109,1.009444609443752,0.2645806139313921,0.9598641794920723,1.5199641237114867,-0.04903587623228286
TCGA-L9-A8F4-01,1.0339602045362397,0.43224388561555416,-0.7144716561429606,0.3383536737265613,-0.8305692686277537,1.3919594128190318,0.2645806139313921,1.3152167182773749,1.0113877917950997,0.2605030924840028
TCGA-49-AARO-01,0.7748287388832368,0.520261289742915,-0.5076054799883408,-0.16579790775661632,-0.45524792852723456,1.1230001460529924,-0.3002308419644198,1.0587461316781384,0.6849443110966684,0.9569657720956453
TCGA-49-AAR4-01,-0.9095257878612829,0.16819167323347167,-1.3307379086664088,0.32284131737323235,-0.8305692686277537,1.1088710860150284,0.2645806139313921,1.0320160919293688,-0.9578212501671229,0.49265731902121696
TCGA-55-6982-01,0.9043944717097383,1.3124179268891625,-0.9879465748813977,-0.8483415873030717,-0.6355507573333162,0.16194392168193916,0.970594933801157,0.12846615375089424,0.6762217999453131,0.5700420612002883
TCGA-55-7727-01,-0.39126285655527687,-0.007843135021249977,-0.33431444237190544,1.5366832020211896,0.3794827046010024,0.19379756345376775,0.2645806139313921,0.151271527168633,0.382103100915484,-0.5133443293067113
TCGA-64-5778-01,-0.6503943222082799,0.43224388561555416,0.34693594925770627,-0.08823612598997362,-0.28842207732544994,0.8516351992021071,-0.15902797799046683,0.8198350798667018,-0.18111345501277662,-0.4359595871276399
TCGA-50-6593-01,1.8113546014952489,0.43224388561555416,-0.2888255449975912,-1.2361504961362852,-0.8305692686277537,0.45634424091863224,0.688189205853251,0.4137734108381342,0.20789747744785908,0.02834886594678854
TCGA-MP-A4TH-01,-1.1686572535142858,-1.5921564093137448,-0.41229540929930136,-0.057211413283315665,-0.8305692686277537,-0.49020451264065174,-1.7122594817039498,-0.5391225532964267,-0.3207020650228599,-1.7515002041718537
TCGA-86-8669-01,0.6452630060567353,-0.6239649639127758,0.14873432498390818,0.7145283152947776,0.7622099067352958,-0.40837866006510604,-0.8650422978602318,-0.45704247495009703,0.3188966558645978,-0.822883298022997
TCGA-80-5608-01,-0.0025656580757723096,0.9603483103797191,1.0157310475586365,-1.0267336853663496,0.5846104986441109,0.6334276368927221,0.4057834779053451,0.5885020079948747,-0.6100521109734768,0.6474268033793598
TCGA-67-3771-01,0.7748287388832368,0.6962960979976366,1.9953669445840478,0.19486437745827098,1.9857626246235693,1.7493961651363765,0.4057834779053451,1.6291690443557247,1.1457584202410307,0.8795810299165739
TCGA-55-8301-01,-0.9095257878612829,1.1363831186344409,-1.0101494890760034,0.664113157146459,1.438220335993468,0.3639800128585469,1.11179779777511,0.31798899651895257,-0.5899978191607597,0.2605030924840028
TCGA-97-A4M5-01,-1.1686572535142858,-1.7681912175684664,-1.194271216543466,-0.7824140728014263,-0.6355507573333162,-0.2215445174929785,-1.2886508897820907,-0.2685275770797099,-0.8304350008911124,-1.209807008918354
TCGA-50-6590-01,0.5156972732302337,1.3124179268891625,-0.8601444346392767,-0.6311685983564725,0.00919080116066151,1.5936589348291723,1.253000661749063,1.4925804022006735,-0.19597197844995926,2.195121646960788
TCGA-86-8055-01,0.6452630060567353,0.7843135021249975,-0.4290829785683935,0.8812861460930603,-0.45524792852723456,-1.3349535193585098,0.4057834779053451,-1.319874301036828,0.26433282385683715,0.49265731902121696
TCGA-44-6774-01,-1.4277887191672889,-0.976034580422219,-0.32131761455067276,-0.7901702509780897,-0.6355507573333162,0.416631664428206,-0.5826365699123258,1.0847887135074052,0.16129306007704167,-0.2811901027694971
TCGA-86-7701-01,0.5156972732302337,0.43224388561555416,-0.5081470144808922,1.1217276695696519,-0.45524792852723456,0.735173245038979,0.688189205853251,0.7013180251447763,0.8432685203465617,-0.4359595871276399
TCGA-55-6971-01,0.9043944717097383,-0.7999997721674973,-1.0837981800629883,-0.8832443890980614,-0.8305692686277537,0.10509660824323669,-0.3002308419644198,0.07166049929003285,0.5957633024888346,-0.2811901027694971
TCGA-NJ-A4YQ-01,-0.0025656580757723096,-0.27189534740333243,-0.8552706242063144,0.1638396647516152,-0.6355507573333162,1.8050950346144734,0.12337774995743914,1.685932613982471,0.012672013364182073,-0.35857484494856845
TCGA-86-8358-01,0.7748287388832368,0.9603483103797191,1.4457094346444166,0.9045546806230527,1.87524473808381,1.7530248815025498,1.3942035257230159,1.6355240010878076,2.1141218457627495,-0.04903587623228286
TCGA-86-7954-01,1.5522231358422458,-0.4479301556580541,-0.015350626259154048,0.42367163366986743,-0.8305692686277537,0.02439335222360334,0.5469863418792981,-0.01962850848897424,1.0902866746226896,-0.9776527823811397
TCGA-55-7728-01,-1.8164859176467936,-0.7119823680401365,-1.101127283824632,1.2264360749546186,-0.8305692686277537,-0.6867590687172853,-1.2886508897820907,-0.7342339264351467,-0.9051854900785704,-0.822883298022997
TCGA-62-8395-01,-1.1686572535142858,-1.0640519845495797,-0.2633734238476772,0.40040309913987504,-0.1339493641313667,-0.8428797551059987,-1.1474480258081379,-0.8862471738924752,-0.123139252127136,-1.1324222667392825
TCGA-49-6767-01,1.0339602045362397,1.488452735143884,0.3935079156171232,-0.09599230416663702,-0.8305692686277537,0.8591701286951187,0.688189205853251,0.8054436702834362,0.4727093011682319,1.266504740811931
TCGA-97-7938-01,-1.0390915206877844,-1.5921564093137448,-0.24225357863817423,1.6530258746711535,-0.45524792852723456,0.6984163094613669,-1.4298537537560438,0.6632133401475101,-1.0416459833265819,-1.3645764932764968
TCGA-50-6594-01,0.25656580757723074,1.4004353310165234,1.1716929814134283,-0.2898967585832438,1.5074998471646202,1.0116482901552413,0.970594933801157,0.9577850343630081,0.874955626793225,0.8021962877375025
TCGA-49-4486-01,-1.686920184820292,-0.09586053914861081,-0.8162801407426163,-1.4649577523478796,-0.6355507573333162,-0.2347957771719889,-1.1474480258081379,-0.2685275770797099,-0.5899978191607597,-0.12642061841135427
TCGA-50-8460-01,-0.9095257878612829,-0.976034580422219,-0.3348559768644568,0.9743602842130298,1.2203943270911937,-1.5615946849951154,-1.0062451618341848,-1.523965948333646,-1.3032777464001268,-0.822883298022997
TCGA-55-8505-01,-1.1686572535142858,1.4004353310165234,-1.3686453231450042,0.5594047517614922,0.2651005523896654,-1.6706753216950352,1.253000661749063,-1.5864674745075362,-0.30449999071874184,1.7308131938863593
TCGA-93-7348-01,-0.39126285655527687,-1.3281041969316623,-1.1244132670043405,-0.2821405804065804,-0.8305692686277537,-0.5336880080281976,-1.0062451618341848,0.06189255876743036,-1.1643644266349644,-1.209807008918354
TCGA-44-8119-01,1.2930916701892428,0.8723309062523583,0.7498376117159183,1.424218618459557,1.2698457052008683,1.196946312422665,1.6766092536709218,1.1314422107621098,1.5027488422327444,1.3438894829910024
TCGA-62-8394-01,0.25656580757723074,0.8723309062523583,0.8473138203751633,0.3112070501082351,1.8137401146187666,-0.4162763880617651,0.829392069827204,-0.45704247495009703,0.24199190418600916,0.8795810299165739
TCGA-55-6968-01,-0.39126285655527687,0.6962960979976366,0.6453214546535058,0.13281495204495725,-0.45524792852723456,0.9483513896199433,1.11179779777511,0.8977781163194137,0.6139570207999928,0.02834886594678854
TCGA-55-6642-01,-0.0025656580757723096,-0.3599127515306933,-0.6386568271857701,-0.4333860548515341,-0.8305692686277537,-0.3773742899806318,-0.017825114016513852,-0.42584788652709255,0.2532003791568557,-0.5133443293067113
TCGA-55-7911-01,-0.13213139090227383,0.16819167323347167,-0.8985933836104233,1.5521955583745184,-0.45524792852723456,0.14800540449275426,0.12337774995743914,0.1004405937927021,-0.5899978191607597,-0.12642061841135427
TCGA-55-8614-01,1.0339602045362397,0.16819167323347167,0.3772618808405824,0.9859945514780271,-0.6355507573333162,0.10509660824323669,0.970594933801157,0.07166049929003285,-0.42208461180415674,1.1891199986328596
TCGA-44-7660-01,1.2930916701892428,1.04836571450708,2.182196344514267,-0.23172542225826176,0.00919080116066151,0.61813323505571,1.11179779777511,1.273477975971408,1.5874917287143155,1.498658967349145
TCGA-73-4677-01,-0.13213139090227383,-1.0640519845495797,-0.4388305994343181,-1.5386414450261905,0.00919080116066151,0.20717278836121306,-0.8650422978602318,0.1647242276092967,-1.42177323748652,-1.1324222667392825
TCGA-99-8028-01,-1.5573544519937905,0.34422648148819335,-1.3226148912781384,1.0519220659796724,-0.8305692686277537,0.7842253554983835,-1.1474480258081379,0.7354858263885011,-1.071050007560411,0.02834886594678854
TCGA-62-8402-01,2.0704860671482517,0.43224388561555416,0.5987494882940888,0.7455530280014355,2.0701330688175448,-1.3349535193585098,0.970594933801157,-1.3370099058506864,-0.3370932564944581,0.8021962877375025
TCGA-49-AARQ-01,0.25656580757723074,0.520261289742915,0.5207685213666928,0.38101265369821435,0.4857730322963024,1.3052562793647995,0.5469863418792981,1.2346794686594762,0.4026568485050576,0.49265731902121696
TCGA-67-6217-01,0.9043944717097383,-0.976034580422219,0.9155471664366347,-0.7475112710064367,-0.6355507573333162,-0.023780166000903016,-1.2886508897820907,-0.06835423394708669,1.6204894477650964,-1.4419612354555682
TCGA-71-8520-01,0.1270000747507292,0.2562090773608325,-0.16914642214374048,-0.185188353198277,2.0035398384807945,-0.7617758190257323,0.5469863418792981,-0.8076692992812777,-0.19597197844995926,0.10573360812585994
TCGA-MP-A4T8-01,-0.26169712372877535,0.8723309062523583,0.5283500042624119,0.6098199099098108,-0.28842207732544994,-0.49020451264065174,0.688189205853251,-0.5391225532964267,0.7279419786243781,1.0343505142747167
TCGA-80-5611-01,-0.13213139090227383,1.4004353310165234,1.6812769389042583,-0.9491719035997068,-0.1339493641313667,0.04513615745625416,1.253000661749063,0.001339124864542827,1.138907969384047,0.7248115455584311
TCGA-91-7771-01,0.6452630060567353,-0.7999997721674973,-0.035387402483554285,1.722831478261133,0.6765784517692608,0.01914520583455944,-0.7238394338862788,-0.014348155516774964,1.553989625047429,-0.9002680402020683
TCGA-55-8512-01,-0.7799600550347814,-1.7681912175684664,-0.3944247710451065,0.08627788298497249,-0.8305692686277537,-1.4641765762206986,-1.4298537537560438,-1.4455303706382796,-0.2261525568685645,-0.822883298022997
TCGA-62-A470-01,1.0339602045362397,-0.3599127515306933,1.8237005104452662,0.6020637317331452,1.1675379860699333,-0.5160731631518051,0.5469863418792981,-0.5562961532658796,0.23070613389945466,-0.35857484494856845
TCGA-55-A48X-01,-0.26169712372877535,-1.5921564093137448,-1.384891357921545,-0.022308611488328165,-0.8305692686277537,0.7012854241785249,-0.8650422978602318,0.6520636535614355,-1.42177323748652,-0.7454985558439255
TCGA-97-8174-01,0.6452630060567353,-1.6801738134411055,0.19422322235822256,0.38876883187487776,0.2651005523896654,-0.13314457026921286,-1.1474480258081379,-0.1790593129168456,0.7616294350432496,-1.9062696885299966
TCGA-MP-A4SV-01,0.7748287388832368,0.6082786938702758,-0.37438799482070606,-0.15416364049161904,-0.8305692686277537,0.4947127130041123,1.253000661749063,0.45181074507146035,0.03844252021672747,1.1891199986328596
TCGA-35-5375-01,1.4226574030157444,1.576470139271245,1.8264081829080232,0.47796488090651773,0.3794827046010024,0.7653936997812468,1.3942035257230159,0.7172283666411646,1.0619600790863208,1.266504740811931
TCGA-55-7903-01,-1.0390915206877844,0.8723309062523583,-0.019682902199565058,1.1527523822763077,-0.8305692686277537,-0.2347957771719889,0.829392069827204,-0.29549998904946534,0.26433282385683715,0.9569657720956453
TCGA-50-5944-01,0.25656580757723074,-1.5041390051863839,0.7779974053285893,-1.2206381397829564,-0.1339493641313667,-1.1041083389693787,-1.4298537537560438,-1.1034827508060752,1.3720880607180248,-1.055037524560211
TCGA-86-8054-01,0.5156972732302337,1.3124179268891625,1.8285743208782286,-0.11926083869663155,1.4001247705897946,0.09041217227315146,1.6766092536709218,0.04707161300006583,0.7448626307287846,0.9569657720956453
TCGA-55-A57B-01,0.7748287388832368,-1.0640519845495797,-0.2563334754445096,0.24527953560658963,-0.8305692686277537,-1.3760669927341873,-1.1474480258081379,-1.372063912844785,-1.0416459833265819,-0.822883298022997
TCGA-69-7763-01,1.1635259373627413,-1.4161216010590232,-0.5135623594064057,0.17159584292827862,-0.8305692686277537,-0.9445095973112358,-1.4298537537560438,-0.9707162103660192,0.1730711458138314,-0.5133443293067113
TCGA-86-8281-01,-1.5573544519937905,-1.4161216010590232,-0.6159123784986129,0.35386603007989026,1.6703450209163633,0.21600060294843448,-0.7238394338862788,0.17800915431702585,-1.5098261423057435,-1.209807008918354
TCGA-44-4112-01,-1.1686572535142858,1.2244005227618016,-0.16914642214374048,-1.1314420907513163,0.5846104986441109,0.8863932699736508,0.970594933801157,1.541411711070376,-0.15619514891925224,1.8855826782445022
TCGA-49-AAR0-01,-0.0025656580757723096,0.6082786938702758,-0.6473213790665918,0.36550029734488537,-0.8305692686277537,-0.3850392376584704,-0.017825114016513852,-0.42584788652709255,0.4026568485050576,0.4152725768421456
TCGA-44-A47G-01,-1.5573544519937905,0.34422648148819335,-1.4190080309522806,0.0901559720733042,-0.8305692686277537,-0.7842826593576022,-0.15902797799046683,-0.8185640040865572,-1.5572321787678898,-0.20380536059042564
TCGA-64-1678-01,-0.39126285655527687,1.488452735143884,1.5448102467813156,-0.9259033690697145,2.0785490396477755,0.05536116142392135,1.3942035257230159,-2.421888621186879,0.5865963799449517,0.8795810299165739
TCGA-05-4390-01,0.7748287388832368,1.576470139271245,0.23429677480702302,-1.092661199867995,-0.6355507573333162,1.0738514771819567,1.3942035257230159,1.0183820946684052,1.2908961082349881,1.653428451707288
TCGA-99-8033-01,0.7748287388832368,1.4004353310165234,-0.9170055563571694,0.7726996516197596,0.6765784517692608,-0.07420089797823982,1.6766092536709218,-0.1193848421031657,-0.27264269408202063,1.498658967349145
TCGA-78-7540-01,-1.1686572535142858,-0.7119823680401365,-0.36572344293988435,-0.5691191729431588,0.14192610458915456,0.22038825672621631,-1.1474480258081379,0.17800915431702585,-1.1323497249893761,-1.055037524560211
TCGA-78-7166-01,-1.5573544519937905,1.1363831186344409,-0.9142978838944126,-0.25111586769992245,-0.8305692686277537,0.0654911206833632,1.11179779777511,0.021905551250882234,-1.5098261423057435,0.9569657720956453
TCGA-55-1594-01,1.0339602045362397,0.43224388561555416,2.1350828436622984,-0.9530499926880386,1.712718598055405,-0.06848067548460843,1.11179779777511,-0.1193848421031657,0.7616294350432496,0.33788783466307415
TCGA-50-8457-01,-1.5573544519937905,-1.7681912175684664,-1.1060010942575944,0.9472136605947057,-0.8305692686277537,-1.1200119150574315,-1.4298537537560438,-1.146533130296022,-1.9155737431633124,-1.983654430709068
TCGA-55-6984-01,-1.1686572535142858,0.520261289742915,-0.5493036359147957,-0.29377484767157763,-0.8305692686277537,-1.5362528386017056,-0.3002308419644198,-1.5038554276222542,-0.73752027888928,0.5700420612002883
TCGA-91-6835-01,-0.26169712372877535,-1.4161216010590232,-1.1574468710499735,-0.638924776533136,-0.8305692686277537,-0.7842826593576022,-1.1474480258081379,-0.8185640040865572,-0.9051854900785704,-0.9776527823811397
TCGA-55-7284-01,-0.6503943222082799,-1.2400867928043016,-1.2803752008591323,0.15608348657494964,-0.8305692686277537,-1.3552843165705206,-1.1474480258081379,-1.3544038863092223,-1.607294693342075,-0.822883298022997
TCGA-75-6206-01,0.1270000747507292,-1.4161216010590232,0.8554368377634337,-0.6311685983564725,-0.8305692686277537,-0.7507095933205904,-1.2886508897820907,-0.7968793245143567,-0.9312028429157696,-1.6741154619927823
TCGA-05-4398-01,1.0339602045362397,1.488452735143884,0.22888142988150942,-0.1580417295799529,0.6765784517692608,1.3493706203422993,1.11179779777511,1.278034305307613,1.3536295514311119,1.266504740811931
TCGA-86-8671-01,-1.946051650473295,-1.4161216010590232,-1.4081773411012533,0.854139522474734,1.3594942328235342,-1.487579932216778,-1.2886508897820907,-1.4646484707184058,-0.8065289199298805,-1.983654430709068
TCGA-49-4514-01,-0.9095257878612829,0.520261289742915,0.055048857772522886,-0.5885096183848195,-0.8305692686277537,0.4774329816959878,0.688189205853251,0.4381379822986752,1.2523239865148266,-0.04903587623228286
TCGA-44-7672-01,0.9043944717097383,0.7843135021249975,-1.0518476450024583,-0.3480680949082258,-0.28842207732544994,-0.14533289074122865,0.5469863418792981,0.4852319943815168,0.382103100915484,0.9569657720956453
TCGA-38-4626-01,-1.686920184820292,-0.976034580422219,-1.3177410808451764,-1.4378111287295554,-0.8305692686277537,0.2675407967122746,-1.0062451618341848,0.2379013899681749,-1.443021200123596,-1.1324222667392825
TCGA-75-5147-01,-0.0025656580757723096,1.1363831186344409,0.8213201647326979,-0.7591455382714317,-0.45524792852723456,-1.3760669927341873,0.970594933801157,-1.372063912844785,-0.02681081914022858,0.7248115455584311
TCGA-55-6970-01,-0.26169712372877535,-0.18387794327597162,-0.1177006453513612,-0.3441900058198941,-0.8305692686277537,-0.03478289928770479,0.4057834779053451,-0.07390668504961778,-0.8304350008911124,-0.2811901027694971
TCGA-MN-A4N5-01,0.5156972732302337,0.16819167323347167,0.9269193907802132,0.17935202110494416,0.14192610458915456,0.8027586339520445,-0.017825114016513852,0.7635387371582484,0.874955626793225,-0.20380536059042564
TCGA-69-8453-01,-1.1686572535142858,-1.2400867928043016,-0.8541875552212116,-0.057211413283315665,-0.45524792852723456,0.05536116142392135,-1.1474480258081379,-2.421888621186879,-0.053711388356010574,-1.2871917510974253
TCGA-91-8497-01,-1.8164859176467936,-1.944226025823188,-0.9484145569251483,1.4164624402828938,1.852670840394425,-1.3760669927341873,-1.4298537537560438,-1.3544038863092223,-0.04020159711033971,-2.2931933994253537
TCGA-55-7910-01,0.6452630060567353,0.16819167323347167,1.4408356242114544,0.9976288187430243,-0.8305692686277537,0.45634424091863224,0.688189205853251,0.4137734108381342,0.9594717130845416,-0.2811901027694971
TCGA-86-8280-01,1.0339602045362397,-0.4479301556580541,0.15794041135728118,0.23364526834159235,1.5389975986696847,-1.2955679508209224,-0.7238394338862788,-1.2863491321451497,0.5588082884501021,-0.04903587623228286
TCGA-50-6595-01,-0.39126285655527687,1.6644875433986057,-1.2863320802771974,-0.5923877074731513,-0.8305692686277537,-0.5790979550596613,1.3942035257230159,-0.6185896988691775,-0.5899978191607597,2.5820453578561446
TCGA-91-6831-01,0.1270000747507292,1.1363831186344409,1.0650106863808104,0.15220539748661793,-0.1339493641313667,0.34456218498008684,1.253000661749063,0.3102476121039088,1.3035950867935933,0.6474268033793598
TCGA-50-6597-01,-0.0025656580757723096,-0.7999997721674973,0.02526446068219803,-0.49931356935317955,-0.6355507573333162,-1.1526317121819016,-1.4298537537560438,-1.161251666827813,1.6313797321344385,-1.209807008918354
TCGA-MP-A4T9-01,-0.6503943222082799,0.16819167323347167,-1.3134088049047652,-0.3403119167315624,-0.8305692686277537,-1.5615946849951154,-0.4414337059383728,-1.523965948333646,-1.3032777464001268,0.18311835030493137
TCGA-69-7765-01,-0.7799600550347814,0.08017426910611085,-0.658152068917619,0.31508513919656894,-0.28842207732544994,1.134980487256089,0.4057834779053451,1.0718512024780424,-1.42177323748652,0.33788783466307415
TCGA-50-5045-01,-1.5573544519937905,1.1363831186344409,-0.9603283157612782,-0.41787369849820516,-0.8305692686277537,0.4809100035464091,-0.017825114016513852,0.444996645271802,-0.42208461180415674,1.0343505142747167
TCGA-86-8074-01,0.3861315404037322,0.8723309062523583,1.0915458765158268,0.4469401681998598,1.7503651848355994,-0.9716482945667,0.688189205853251,-1.0089419010964265,0.8352629429105033,1.1117352564537881
TCGA-49-4494-01,-1.5573544519937905,1.488452735143884,-0.6229523269017807,-1.4106645051112314,-0.45524792852723456,-0.057130623924181605,1.253000661749063,-0.09640653526364276,-0.5702497940054905,1.4212742251700736
TCGA-50-6592-01,-0.13213139090227383,1.3124179268891625,-0.8861380902817418,-1.0887831107796633,-0.8305692686277537,0.38306796955505273,1.535406389696969,0.33330357698211227,1.5370435316819568,1.0343505142747167
TCGA-55-A48Z-01,0.25656580757723074,0.520261289742915,0.3149854141971759,-0.3713366294382182,-0.28842207732544994,-1.276476634656656,0.12337774995743914,-1.2699457749172327,0.03844252021672747,0.6474268033793598
TCGA-64-5815-01,-0.9095257878612829,1.04836571450708,-0.4187938232099177,-1.414542594199563,-0.8305692686277537,-0.2019732443574468,-0.4414337059383728,-0.24220608726336343,-0.3370932564944581,1.0343505142747167
TCGA-49-4501-01,0.5156972732302337,0.2562090773608325,0.29494863797277565,-1.1314420907513163,-0.1339493641313667,-1.2214130375671686,-1.2886508897820907,-1.222095605419138,0.9669738617091844,0.33788783466307415
TCGA-78-8655-01,-0.6503943222082799,-1.5041390051863839,-0.0023537984379213223,0.6214541771748059,1.5964063543800555,-0.5884272970124848,-1.4298537537560438,-0.6370491138695793,-0.4757377271543584,-0.6681138136648541
TCGA-50-5044-01,-1.8164859176467936,1.576470139271245,-1.4190080309522806,-0.10762657143163429,-0.8305692686277537,-0.3773742899806318,0.970594933801157,-0.42584788652709255,-1.5572321787678898,2.1177369047817165
TCGA-55-7283-01,0.3861315404037322,-1.2400867928043016,-0.05325804073774932,-0.4682888566465216,-0.8305692686277537,0.13861397186028548,-1.5710566177299967,0.8054436702834362,1.0404454117340631,-1.2871917510974253
TCGA-55-7994-01,0.1270000747507292,0.7843135021249975,1.7533010264135893,1.4319747966362226,-0.1339493641313667,2.1973473005198865,0.970594933801157,2.01799084108257,1.1042997915829569,0.7248115455584311
TCGA-55-A4DG-01,0.9043944717097383,-1.5041390051863839,0.8884704418090666,0.7455530280014355,1.647177477348201,1.2808290154823183,-1.5710566177299967,1.2090360882070037,0.11329307699725387,-1.596730719813711
TCGA-73-4670-01,1.4226574030157444,1.576470139271245,2.254220432023598,-0.8677320327447324,1.7838703522456332,0.5995076765647366,1.6766092536709218,0.5521212804488002,0.5957633024888346,1.9629674204235736
TCGA-95-8039-01,-0.7799600550347814,-0.7999997721674973,-0.803824847413935,0.22976717925326065,-0.8305692686277537,-0.6867590687172853,-0.4414337059383728,-0.7241256543454603,-0.24148250622734704,-0.20380536059042564
TCGA-78-8660-01,-0.9095257878612829,1.1363831186344409,-1.3821836854587881,0.2918166046665744,1.8404126657909277,0.19379756345376775,1.6766092536709218,0.151271527168633,0.6319676802341849,1.5760437095282165
TCGA-73-4658-01,-0.9095257878612829,0.7843135021249975,-1.0697182832566532,-0.32479956037823343,-0.8305692686277537,0.5741945261673176,-0.5826365699123258,0.5239773724970932,-0.6935775844847176,1.0343505142747167
TCGA-91-6840-01,0.7748287388832368,-0.535947559785415,1.933090477940641,-0.99183088357136,1.767602102956472,-0.33253039056384515,0.4057834779053451,-0.38805910395601634,1.3903859603405035,-0.5133443293067113
TCGA-69-7761-01,-0.0025656580757723096,-0.535947559785415,-0.9971526612547709,-0.0029181660466674874,-0.8305692686277537,-1.6144953961313184,0.5469863418792981,-1.5652593931967775,-0.4757377271543584,-0.822883298022997
TCGA-50-5051-01,0.9043944717097383,0.43224388561555416,1.4782015041974983,-0.5031916584415113,-0.8305692686277537,-0.5336880080281976,-0.017825114016513852,-0.5737402159168277,-0.9850753485371565,0.7248115455584311
TCGA-73-4662-01,-0.13213139090227383,-1.3281041969316623,1.2485908793557214,-0.6738275783281257,-0.6355507573333162,0.11958676632873762,-0.8650422978602318,0.07651125788189538,0.1847635926380349,-1.1324222667392825
TCGA-55-8506-01,-0.26169712372877535,0.16819167323347167,0.34856055273536013,8.369876175662405,2.098887807086833,2.352693300944346,0.688189205853251,2.143080245875064,1.987439207040973,0.6474268033793598
TCGA-95-7948-01,0.25656580757723074,-0.8880171762948582,0.6009156262642943,1.5056584893145337,1.3161371482316133,-0.24148415658953523,-1.1474480258081379,-0.2618873810845489,-0.3874569548034121,-0.6681138136648541
TCGA-55-8299-01,0.1270000747507292,0.16819167323347167,-1.4206326344299347,0.5128676827015074,-0.45524792852723456,0.0705210371919969,0.970594933801157,0.6576534931247855,-2.0848103242333607,-0.04903587623228286
TCGA-50-5072-01,1.5522231358422458,1.488452735143884,-0.4886517727490432,-0.623412420179807,-0.45524792852723456,-0.15147961152357767,1.9590149816188278,-0.19139858997909742,-1.2314759780311355,1.4212742251700736
TCGA-95-8494-01,0.7748287388832368,1.576470139271245,0.7639175085222536,-0.4139956094098734,2.0701330688175448,-0.656244693722448,1.11179779777511,-0.7041793805407063,0.101062956944336,1.1117352564537881
TCGA-69-7974-01,0.7748287388832368,0.7843135021249975,-0.35976656352181946,1.6685382310244825,-0.8305692686277537,0.9983647879367034,1.253000661749063,0.9431109930295186,-0.02681081914022858,-0.04903587623228286
TCGA-MP-A4TK-01,0.3861315404037322,0.7843135021249975,-0.3532681496112031,-0.22396924408159835,-0.8305692686277537,0.5483099479727124,0.4057834779053451,0.5080076478929686,1.833782174075947,0.33788783466307415
TCGA-91-6829-01,0.25656580757723074,-0.4479301556580541,0.7563360256265348,-0.3558242730848914,0.4857730322963024,1.2138188058633925,0.5469863418792981,1.1436427610306743,0.28637452117777223,-0.20380536059042564
TCGA-MP-A4T4-01,0.1270000747507292,0.08017426910611085,-1.0540137829726637,0.22588909016492895,-0.8305692686277537,0.6693277483131399,-0.017825114016513852,0.629397990965551,0.12542945677944087,0.18311835030493137
TCGA-83-5908-01,-0.0025656580757723096,0.6962960979976366,-1.271169114485759,0.31508513919656894,1.3161371482316133,0.16194392168193916,0.970594933801157,0.12846615375089424,-0.04020159711033971,0.49265731902121696
TCGA-69-8254-01,-1.8164859176467936,-1.3281041969316623,-1.2462585278283966,-0.037820967841654986,-0.28842207732544994,-0.8190249512612718,-1.2886508897820907,-0.8518966965981203,-1.6604040329742529,-1.3645764932764968
TCGA-86-8056-01,-1.5573544519937905,-1.5041390051863839,-0.7485883291736963,0.7571872952664307,-0.8305692686277537,0.34456218498008684,-1.1474480258081379,0.3102476121039088,0.4430358750544992,-1.3645764932764968
TCGA-78-7220-01,1.6817888686687474,-0.007843135021249977,1.467370814346471,0.047496992101651134,1.3161371482316133,1.468444816900742,1.535406389696969,1.385663011059796,0.9519403294326386,0.5700420612002883
TCGA-49-AAR2-01,-0.7799600550347814,0.2562090773608325,-0.08520857579827953,0.7649434734430962,-0.8305692686277537,0.7012854241785249,-0.017825114016513852,0.6548623415009507,-0.013536555907187567,0.02834886594678854
TCGA-55-6986-01,-1.946051650473295,-0.18387794327597162,-1.1986034924838769,-1.123685912574653,-0.8305692686277537,-1.7948225253747032,-1.0062451618341848,-1.698688442636199,-0.9312028429157696,0.18311835030493137
TCGA-95-7567-01,-0.0025656580757723096,0.08017426910611085,0.33881293186943584,5.216989746848382,2.0972140342971866,1.6194183450009125,0.829392069827204,1.5119253324906856,1.1112695462474431,0.2605030924840028
TCGA-78-7167-01,0.25656580757723074,-1.3281041969316623,1.230178706608975,-0.6156562420031436,0.5846104986441109,-0.5336880080281976,-1.4298537537560438,-0.5649838610955934,0.4430358750544992,-1.4419612354555682
TCGA-78-7155-01,0.3861315404037322,0.43224388561555416,0.9366670116461379,-0.02618670057665987,2.0785490396477755,2.208457500660302,0.970594933801157,2.0271891306342105,1.6422166147024946,0.02834886594678854
TCGA-MP-A4TD-01,0.1270000747507292,-0.8880171762948582,-0.2341305612499038,-0.4023613421448762,-0.28842207732544994,-0.8797746531633293,-1.2886508897820907,-0.9216775510897853,-0.8065289199298805,-0.5133443293067113
TCGA-86-7713-01,-0.13213139090227383,-0.27189534740333243,0.5705896946814182,-0.010674344223330898,0.5846104986441109,-0.18275626832380817,0.5469863418792981,0.4585808405356358,0.4628747222449207,0.10573360812585994
TCGA-55-8616-01,0.9043944717097383,-0.18387794327597162,0.6631920929077005,1.338900658516251,0.7622099067352958,0.8790308616012261,-0.7238394338862788,0.8363739921334298,-0.0673427774479663,-0.2811901027694971
TCGA-MN-A4N1-01,1.0339602045362397,0.6962960979976366,1.254006224281235,0.605941820821477,0.4857730322963024,0.8158194589647759,0.829392069827204,0.77852436498371,1.1593896914667534,0.9569657720956453
TCGA-55-6712-01,0.7748287388832368,0.2562090773608325,0.2738287927632725,-0.5613629947664933,-0.8305692686277537,-0.32523983834475967,0.4057834779053451,-0.3733003070572083,0.5681194768280906,0.2605030924840028
TCGA-50-5939-01,-1.0390915206877844,0.8723309062523583,-1.0242293858823388,0.7106502262064459,-0.8305692686277537,-0.8308806935066234,1.11179779777511,-0.8746802059211521,-0.2261525568685645,1.1891199986328596
TCGA-55-7907-01,1.1635259373627413,-0.976034580422219,0.46499046863390275,0.605941820821477,0.00919080116066151,1.8859894077858466,0.2645806139313921,1.7461948275293673,0.6936252036380766,-0.12642061841135427
TCGA-62-A46U-01,0.1270000747507292,-0.007843135021249977,-0.5698819466317474,-0.19294453137494041,-0.8305692686277537,-1.3552843165705206,0.12337774995743914,-1.3544038863092223,-0.09498114251913624,-0.04903587623228286
TCGA-55-8615-01,1.0339602045362397,-0.8880171762948582,2.254220432023598,0.431427811846533,1.1110103407282799,-0.5698531523115747,-0.15902797799046683,-0.609473694640739,0.9893076006209431,-0.5907290714857827
TCGA-49-AAR9-01,-0.5208285893817783,1.3124179268891625,1.207434257921818,1.0790686895979988,1.767602102956472,1.168293938144241,1.6766092536709218,1.1047903833647288,1.4679000259669892,1.653428451707288
TCGA-49-AARR-01,-1.946051650473295,-1.944226025823188,-1.4200910999373835,0.3383536737265613,-0.28842207732544994,-3.2971469363711545,-1.4298537537560438,-2.3385743300253807,-2.4696012037175197,-1.6741154619927823
TCGA-78-8648-01,0.1270000747507292,-1.0640519845495797,-1.4206326344299347,0.6020637317331452,0.2651005523896654,-2.1124807745465706,0.2645806139313921,-1.9323603515194512,-2.6994069322077103,-1.055037524560211
TCGA-55-8507-01,0.9043944717097383,-0.007843135021249977,1.6347049725448417,1.8275398836460996,1.4001247705897946,1.656446034491037,0.4057834779053451,1.5506638658827414,1.2196179244041767,0.7248115455584311
TCGA-91-8499-01,0.1270000747507292,1.04836571450708,2.070640239048687,0.5826732862914845,1.9579512469714164,0.4456509762014246,1.3942035257230159,0.39959277774987567,2.065153009464585,1.0343505142747167
TCGA-97-8172-01,-0.26169712372877535,-1.8562086216958273,-0.7632097604725829,0.24915762469492134,0.7622099067352958,0.30468715744925173,-1.2886508897820907,0.25849825013147343,-1.3412019691665436,-2.138423915067211
TCGA-50-5066-01,-0.5208285893817783,1.4004353310165234,-1.0962534733916698,-0.9259033690697145,2.0987946902971637,0.37165411603556064,1.11179779777511,0.33330357698211227,0.26433282385683715,1.1891199986328596
TCGA-69-7760-01,0.6452630060567353,0.6082786938702758,1.60221290299176,1.222557985866287,0.4857730322963024,-0.9716482945667,1.3942035257230159,-0.9960562115374182,0.6936252036380766,0.33788783466307415
TCGA-93-A4JQ-01,0.7748287388832368,0.08017426910611085,-1.194271216543466,-0.3209214712899017,-0.1339493641313667,-0.5248427898197966,0.2645806139313921,-0.5562961532658796,-0.5507969883367494,0.7248115455584311
TCGA-49-6745-01,-0.6503943222082799,0.43224388561555416,-0.9229624357752345,-0.2898967585832438,-0.8305692686277537,-0.33253039056384515,1.11179779777511,-0.3733003070572083,0.13747381126708863,-0.04903587623228286
TCGA-86-8076-01,-1.8164859176467936,-1.0640519845495797,-1.2370524414550237,0.11730259569162828,-0.8305692686277537,-0.957984878276065,-0.7238394338862788,-0.9960562115374182,-2.0848103242333607,-0.9002680402020683
TCGA-86-8073-01,-0.7799600550347814,-0.535947559785415,-0.171312560113946,0.4624525245531888,-0.1339493641313667,2.1483920490391846,0.2645806139313921,1.972862971671943,0.06379222406810149,-0.35857484494856845
TCGA-50-5933-01,1.1635259373627413,1.2244005227618016,-0.6061647576326884,-0.7591455382714317,-0.28842207732544994,1.0269613224752059,0.970594933801157,0.968138566552482,0.3402308001513794,0.8021962877375025
TCGA-91-6847-01,1.2930916701892428,0.9603483103797191,1.827491251893126,0.8347490770330733,2.0827681528986375,-0.9181021411716693,1.11179779777511,-0.9459310251565224,0.936788747304756,1.1117352564537881
TCGA-38-7271-01,-1.686920184820292,-1.7681912175684664,-1.1828989921998876,1.7073191219078039,1.712718598055405,-0.6867590687172853,-1.1474480258081379,-0.7342339264351467,-2.4696012037175197,-2.2158086572462823
TCGA-L9-A443-01,0.9043944717097383,-0.7999997721674973,0.4790703654402381,0.415915455493204,-0.8305692686277537,0.2463556670072344,-0.8650422978602318,0.2126454847366334,-0.27264269408202063,-0.20380536059042564
TCGA-44-6146-01,-1.2982229863407875,-1.2400867928043016,-0.16914642214374048,0.4973553263481784,-0.6355507573333162,-1.3973232736159513,-1.4298537537560438,-0.863230812918721,-1.3032777464001268,-1.596730719813711
TCGA-67-6216-01,-1.686920184820292,-0.27189534740333243,-0.9576206432985214,-0.9181471908930489,-0.8305692686277537,-1.3552843165705206,-0.3002308419644198,-1.3544038863092223,-0.8065289199298805,-0.4359595871276399
TCGA-44-A479-01,-0.9095257878612829,-0.7999997721674973,-0.9857804369111923,0.12893686295662554,-0.8305692686277537,0.4276013553905869,-0.017825114016513852,0.38883035599708843,0.24199190418600916,-0.4359595871276399
TCGA-55-A492-01,-0.39126285655527687,-0.6239649639127758,-0.30019776934116976,0.5245019499665026,1.6703450209163633,0.3601232195782386,-1.2886508897820907,0.3102476121039088,-1.1643644266349644,-0.5907290714857827
TCGA-55-7573-01,0.1270000747507292,-1.5921564093137448,0.4449536924095022,-0.47216694573485546,-0.8305692686277537,-1.1693678468677031,-1.7122594817039498,-1.1912695488919358,0.03844252021672747,-1.5193459776346396
TCGA-86-8674-01,-1.2982229863407875,-0.6239649639127758,-0.6207861889315752,0.7067721371181142,1.9994154844582535,0.39436725859788146,-1.2886508897820907,0.3483990928384182,-1.3412019691665436,-0.35857484494856845
TCGA-55-1595-01,1.2930916701892428,-0.535947559785415,1.8978907359248027,-1.9225722647710723,2.0618505896739188,0.4912777076242316,0.5469863418792981,0.45181074507146035,1.004055472017077,-0.04903587623228286
TCGA-05-4403-01,-1.8164859176467936,-0.09586053914861081,-1.2733352524559647,-0.9181471908930489,-0.45524792852723456,-0.35471176899878687,-0.5826365699123258,-0.4030190300732833,-1.4647600344421503,-0.12642061841135427
TCGA-35-4123-01,-0.13213139090227383,1.7525049475259666,0.2684134478377589,-1.0887831107796633,-0.6355507573333162,0.29653865144848357,0.970594933801157,0.25849825013147343,-0.04020159711033971,1.7308131938863593
TCGA-05-5423-01,-0.0025656580757723096,-0.09586053914861081,0.609580178145116,0.17935202110494416,-0.1339493641313667,-0.24821511774612398,-1.0062451618341848,-0.3092401980772824,-0.40466135189235686,0.02834886594678854
TCGA-55-6975-01,-0.26169712372877535,0.8723309062523583,-0.359225029029268,-0.7164865582997787,-0.8305692686277537,-0.7076271523857364,1.253000661749063,-0.7444344145634864,0.4128413555926802,1.266504740811931
TCGA-50-6591-01,1.6817888686687474,0.9603483103797191,1.7170182154126485,0.3344755846382296,2.046870445019162,-1.0884632389032822,0.829392069827204,-1.1034827508060752,0.8512402366828937,1.1117352564537881
TCGA-95-7043-01,-0.0025656580757723096,-0.09586053914861081,1.4576231934805464,1.2729731440146055,2.076363256724326,1.8360298847613679,-0.15902797799046683,1.7067642369782008,0.6849443110966684,-0.04903587623228286
TCGA-95-A4VK-01,-1.0390915206877844,-0.976034580422219,-0.3879263571344901,0.48184296999484943,-0.8305692686277537,0.2027323314194876,-0.7238394338862788,0.15577465594980414,0.4727093011682319,-0.822883298022997
TCGA-55-8302-01,-0.39126285655527687,1.2244005227618016,-0.4956917211522109,-0.12313892778496326,1.9375293684715047,1.2594963144550682,1.11179779777511,1.1959644168745338,-0.8065289199298805,1.4212742251700736
TCGA-49-4490-01,1.8113546014952489,-0.007843135021249977,0.15848194584983277,-0.5768753511198222,-0.6355507573333162,-1.2037467174478584,-0.7238394338862788,-1.222095605419138,0.8028949528632205,0.02834886594678854
TCGA-44-2665-01,-1.0390915206877844,0.08017426910611085,-0.16914642214374048,-0.5885096183848195,1.1675379860699333,-1.2955679508209224,-0.4414337059383728,-0.7861921426867013,-0.5741754371886209,0.6474268033793598
TCGA-55-A490-01,0.3861315404037322,0.2562090773608325,1.5139427807058883,0.9161889478880478,0.7622099067352958,2.0144368160634407,0.12337774995743914,1.8590625805369738,1.3474404320507907,0.8021962877375025
TCGA-86-8279-01,1.6817888686687474,0.34422648148819335,1.8209928379825098,0.9782383733013637,1.9640887644842597,0.9366852506304238,0.2645806139313921,0.884447553620167,0.14942780621628263,0.2605030924840028
TCGA-86-8668-01,-0.6503943222082799,-1.3281041969316623,-0.39713244350786325,0.39264692096321163,-0.8305692686277537,-1.5115938179114312,-1.1474480258081379,-1.4840866334997997,-0.15184133354181176,-1.596730719813711
TCGA-55-6985-01,-0.26169712372877535,0.16819167323347167,-0.33756364932721356,-0.5923877074731513,-0.8305692686277537,0.896138959325967,0.2645806139313921,0.8387150796673639,-0.013536555907187567,0.6474268033793598
TCGA-38-4631-01,0.6452630060567353,1.4004353310165234,0.762834439537151,-0.258872045876588,0.14192610458915456,1.3887350016229436,1.535406389696969,1.309359804083473,1.7734148282950855,0.8795810299165739
TCGA-97-8176-01,-0.9095257878612829,0.9603483103797191,-0.47403034145015643,1.1682647386296365,-0.8305692686277537,-0.2686693118444217,1.3942035257230159,-0.3092401980772824,-0.2569777628103009,0.8021962877375025
TCGA-86-A4P7-01,-1.1686572535142858,-1.3281041969316623,-1.3421101330099874,0.5981856426448136,-0.8305692686277537,-0.9312170687383344,-0.8650422978602318,-0.9707162103660192,-0.9850753485371565,-1.3645764932764968
TCGA-55-8089-01,-0.5208285893817783,0.520261289742915,-1.2446339243507425,1.1139714913929863,-0.8305692686277537,1.9171896106728183,0.829392069827204,1.7685554584040206,-0.02681081914022858,0.2605030924840028
TCGA-67-6215-01,-1.0390915206877844,-0.7119823680401365,-0.2714964412359476,-0.7824140728014263,-0.6355507573333162,-0.5336880080281976,-0.4414337059383728,-0.5914631346314853,-0.783088381712119,-0.4359595871276399
TCGA-62-A46O-01,-0.13213139090227383,0.520261289742915,1.8751462872376459,0.32671940646156405,1.852670840394425,1.553295969327966,1.11179779777511,1.451443093485186,1.1457584202410307,-0.20380536059042564
TCGA-95-7039-01,0.5156972732302337,0.520261289742915,1.0065249611852631,0.1638396647516152,-0.8305692686277537,2.030123541176421,0.970594933801157,1.8740450790993088,1.8387415579545654,0.8021962877375025
TCGA-05-4384-01,-1.8164859176467936,-1.5921564093137448,-1.0626783348534854,-1.1934915161646322,-0.8305692686277537,-0.4162763880617651,-1.0062451618341848,-0.4491605820485279,-1.9155737431633124,-1.055037524560211
TCGA-62-A46R-01,1.1635259373627413,-0.6239649639127758,0.7151794041926312,0.21813291198826554,-0.8305692686277537,-0.06279069591954958,-0.3002308419644198,-0.10783465080312168,-0.2261525568685645,-0.6681138136648541
TCGA-99-7458-01,-0.26169712372877535,-1.0640519845495797,-1.3875990303843018,-0.9840747053946965,-0.8305692686277537,0.8937100625955684,-1.2886508897820907,0.8480263479885732,-0.6304243867721354,-1.055037524560211
TCGA-49-4507-01,-0.39126285655527687,1.4004353310165234,-0.30832078672944013,-1.5076167323195349,-0.45524792852723456,0.013871570295613441,0.970594933801157,-0.030267580144286068,0.4026568485050576,1.266504740811931
TCGA-55-8510-01,1.2930916701892428,-0.7999997721674973,-0.7458806567109395,0.8774080570047265,0.5846104986441109,0.4055543824178497,-0.3002308419644198,0.36328154592565826,0.24199190418600916,-0.5133443293067113
TCGA-97-7554-01,1.5522231358422458,-0.7119823680401365,0.2922409655100188,-0.41787369849820516,-0.8305692686277537,0.8389687826902453,-0.3002308419644198,0.7883949226205714,0.6849443110966684,-0.5907290714857827
TCGA-55-8203-01,0.6452630060567353,-0.27189534740333243,0.1146176519531723,-0.22784733316993006,0.2651005523896654,0.7626785109837256,-0.15902797799046683,0.7145936009815453,-0.4397335753026336,-0.12642061841135427
TCGA-95-A4VN-01,1.5522231358422458,1.2244005227618016,-0.516811566361714,0.2918166046665744,-0.8305692686277537,0.8566638387303824,1.11179779777511,0.8054436702834362,-1.071050007560411,0.7248115455584311
TCGA-55-6978-01,-1.4277887191672889,0.8723309062523583,-1.365396116189696,-1.4261768614645582,-0.8305692686277537,-1.1041083389693787,1.535406389696969,-1.1034827508060752,0.03844252021672747,1.0343505142747167
TCGA-49-4505-01,0.7748287388832368,0.9603483103797191,1.1408255153380005,0.780455829796423,0.5846104986441109,0.03481420764897431,-0.4414337059383728,-0.0038645804864972455,0.6936252036380766,1.266504740811931
TCGA-69-7978-01,0.1270000747507292,0.16819167323347167,-1.2208064066784827,1.0596782441563382,-0.8305692686277537,1.1250051429493668,-0.017825114016513852,1.0718512024780424,0.9744470476186314,0.5700420612002883
TCGA-55-8205-01,0.9043944717097383,0.6962960979976366,-0.8541875552212116,0.6718693353231245,0.9857566321474833,0.9804202076362868,0.829392069827204,0.9239286120471302,-0.40466135189235686,0.4152725768421456
TCGA-44-5644-01,0.1270000747507292,0.2562090773608325,2.1708241201706886,0.22588909016492895,1.87524473808381,1.6987390010785188,0.4057834779053451,2.2706269425765178,2.6006488783467367,-0.35857484494856845
TCGA-44-2656-01,0.5156972732302337,0.6962960979976366,-0.16914642214374048,-0.6272905092681409,-0.6355507573333162,1.5057273672501752,0.5469863418792981,2.101012545437451,-0.3321557242304018,0.4152725768421456
TCGA-05-5715-01,-0.6503943222082799,-0.7999997721674973,0.3122777417344191,0.19098628836993928,-0.8305692686277537,-0.5160731631518051,-0.7238394338862788,-0.5562961532658796,0.4628747222449207,-0.822883298022997
TCGA-64-1679-01,1.2930916701892428,1.3124179268891625,-0.34893587367079226,-0.11926083869663155,-0.8305692686277537,0.9939038964983181,0.5469863418792981,0.9388793115021355,-0.27264269408202063,1.7308131938863593
TCGA-78-7149-01,0.7748287388832368,-1.3281041969316623,-0.06625486855898205,-0.045577146018320545,-0.28842207732544994,-0.2686693118444217,-0.8650422978602318,-0.3161756238759074,0.13747381126708863,-0.12642061841135427
TCGA-55-7913-01,0.5156972732302337,0.9603483103797191,-0.2547088719668555,0.8657737897397313,1.438220335993468,0.5351447310037192,1.11179779777511,0.4917900933969645,0.5400373263462863,0.8021962877375025
TCGA-97-A4M6-01,-0.7799600550347814,-1.2400867928043016,0.43520607154357793,-0.31704338220157,-0.1339493641313667,-1.6144953961313184,-1.0062451618341848,-1.5652593931967775,-0.27264269408202063,-1.209807008918354
TCGA-05-4434-01,-1.686920184820292,1.3124179268891625,-0.7507544671439017,-1.7170335430894683,-0.8305692686277537,-1.276476634656656,1.535406389696969,-1.2863491321451497,1.138907969384047,2.040352162602645
TCGA-91-6828-01,1.9409203343217505,-0.8880171762948582,-0.07383635145470101,-0.6505590437981332,-0.45524792852723456,0.416631664428206,-0.5826365699123258,1.069989405663981,-0.10899375605987946,-0.7454985558439255
TCGA-55-8514-01,1.4226574030157444,-0.27189534740333243,2.9186832543841175,-0.02618670057665987,1.87524473808381,0.312776657914561,-1.1474480258081379,0.2746922989991619,-0.35367898057659475,-0.20380536059042564
TCGA-62-A46Y-01,-1.1686572535142858,0.08017426910611085,-0.6456967755889378,0.5322581281431681,-0.8305692686277537,-1.4641765762206986,-0.4414337059383728,-1.4455303706382796,-1.071050007560411,-0.20380536059042564
TCGA-69-7764-01,-0.9095257878612829,-1.3281041969316623,1.256713896743992,1.2186798967779553,-0.8305692686277537,-0.7507095933205904,-1.1474480258081379,-0.7968793245143567,0.025610920102868966,-1.6741154619927823
TCGA-55-6543-01,-0.6503943222082799,-0.09586053914861081,0.1622726872976922,-0.6117781529148119,0.9163716691329754,-1.7948225253747032,-1.0062451618341848,-1.698688442636199,-0.9850753485371565,0.49265731902121696
TCGA-97-7547-01,0.25656580757723074,-1.6801738134411055,0.46390739964879985,-0.3131652931132383,-0.1339493641313667,-0.13314457026921286,-1.5710566177299967,-0.17294187395085855,-0.2261525568685645,-1.6741154619927823
TCGA-50-5942-01,-1.686920184820292,-1.8562086216958273,-1.1590714745276276,-1.0732707544263342,-0.8305692686277537,-1.028299903997082,-1.9946652096518558,-1.0619992756268675,-1.9155737431633124,-2.0610391728881394
TCGA-44-5645-01,-0.6503943222082799,-1.5921564093137448,-0.16914642214374048,1.2535826985729448,-0.8305692686277537,-1.4413518996985666,-1.5710566177299967,-0.9097433709139489,-0.2215851758597982,-1.6741154619927823
TCGA-50-5936-01,-0.13213139090227383,0.8723309062523583,0.6030817642344996,-0.2898967585832438,-0.8305692686277537,-0.5073777779538435,1.11179779777511,-0.5391225532964267,0.16129306007704167,0.8021962877375025
TCGA-50-5068-01,2.2000517999747538,0.2562090773608325,-1.3583561677865281,-0.19294453137494041,-0.8305692686277537,-0.7076271523857364,0.12337774995743914,-0.7444344145634864,-0.9312028429157696,0.02834886594678854
TCGA-MP-A4T7-01,0.5156972732302337,-0.007843135021249977,0.0620888061756904,0.5051115045248419,-0.8305692686277537,-0.35471176899878687,0.5469863418792981,-0.4030190300732833,-1.3806483570091046,0.33788783466307415
TCGA-05-4396-01,-0.5208285893817783,-0.7999997721674973,-0.15344192185975097,-1.313712277902928,1.3161371482316133,2.1058546458313137,-1.0062451618341848,1.9433474682790597,0.4628747222449207,-0.7454985558439255
TCGA-78-7148-01,-1.1686572535142858,0.6082786938702758,0.13627903165522673,-0.057211413283315665,-0.45524792852723456,0.1526712174168629,0.970594933801157,0.11920576605270507,-0.5507969883367494,0.18311835030493137
TCGA-L9-A5IP-01,1.4226574030157444,1.2244005227618016,-0.1826847844575245,1.0131411750963513,1.6921627542942719,0.3523696701343788,0.4057834779053451,0.3218385165983745,-0.123139252127136,1.498658967349145
TCGA-44-6145-01,0.1270000747507292,-0.007843135021249977,-1.2744183214410674,-0.522582103883172,-0.8305692686277537,0.4981373810176,1.3942035257230159,1.1419088412245444,-0.10899375605987946,0.6474268033793598
TCGA-71-6725-01,0.7748287388832368,-0.3599127515306933,2.3343675369211994,0.0630093484549801,1.712718598055405,-1.1526317121819016,-1.2886508897820907,-1.1761621660706285,0.6229849550724514,-0.5133443293067113
TCGA-05-4410-01,0.3861315404037322,-0.7119823680401365,0.3030716553610461,-0.47992312391151887,-0.8305692686277537,1.8269414700461364,-0.5826365699123258,1.695907953389838,-0.4757377271543584,-0.9002680402020683
TCGA-53-A4EZ-01,1.0339602045362397,0.6962960979976366,2.1459135335133257,-0.20457879863993766,-0.8305692686277537,0.9319864924701671,0.970594933801157,0.879965138638925,0.8983783099753614,0.5700420612002883
TCGA-38-4628-01,1.1635259373627413,0.2562090773608325,1.213391137339883,-0.15416364049161904,1.9136493593151875,-0.45669336637902846,-0.017825114016513852,-0.5055549981559139,1.1997398284957927,-0.12642061841135427
TCGA-86-8359-01,0.1270000747507292,-0.18387794327597162,0.6778135242065875,0.03586272483665387,1.3161371482316133,-0.22814941514455506,-1.0062451618341848,-0.2685275770797099,0.12542945677944087,-0.2811901027694971
TCGA-L4-A4E6-01,0.1270000747507292,-1.5921564093137448,-1.4206326344299347,0.38876883187487776,-0.8305692686277537,-2.3949270281752226,-1.4298537537560438,-2.0530895370288875,-2.4696012037175197,-1.209807008918354
TCGA-91-A4BC-01,1.1635259373627413,-0.09586053914861081,-1.023146316897236,0.7726996516197596,0.00919080116066151,0.8027586339520445,0.970594933801157,0.7635387371582484,0.06379222406810149,-0.7454985558439255
TCGA-55-8206-01,0.6452630060567353,-1.6801738134411055,-0.5465959634520389,1.133361936834647,-0.8305692686277537,-1.6706753216950352,-1.7122594817039498,-1.6080676801169913,-0.18111345501277662,-1.8288849463509251
TCGA-67-3773-01,-1.2982229863407875,-0.3599127515306933,-0.7577944155470694,-1.3447369906095838,0.5846104986441109,-0.6073462386670583,-0.8650422978602318,-0.6370491138695793,0.21934176955028378,-0.822883298022997
TCGA-97-8175-01,-0.9095257878612829,1.2244005227618016,-0.6971425523813171,-0.4605326784698582,2.030323417875209,-1.6421488230583674,0.2645806139313921,-1.6080676801169913,-0.10899375605987946,1.498658967349145
TCGA-97-7941-01,-1.686920184820292,-1.6801738134411055,-1.27550139042617,0.7998462752380837,-0.8305692686277537,-0.6867590687172853,-1.2886508897820907,-0.7342339264351467,-1.4647600344421503,-1.5193459776346396
TCGA-78-7161-01,-0.7799600550347814,-0.8880171762948582,1.213391137339883,-0.654437132886465,-0.8305692686277537,-0.03478289928770479,-1.1474480258081379,-0.08509801523304932,1.9118796089290977,-0.5907290714857827
TCGA-55-8621-01,-1.8164859176467936,-0.7999997721674973,-1.4206326344299347,-0.30928720402490445,1.2203943270911937,-0.9051598815759273,-0.8650422978602318,-0.9459310251565224,-2.311950333715346,-0.7454985558439255
TCGA-55-8090-01,-0.13213139090227383,0.6082786938702758,-1.07242595571941,0.04361890301331943,-0.45524792852723456,-0.7957293014539368,0.12337774995743914,-0.8406756247480781,-1.2314759780311355,0.6474268033793598
TCGA-55-8097-01,-1.1686572535142858,-1.4161216010590232,-0.26553956181788274,0.4663306136415205,-0.8305692686277537,-0.5606912887010206,-1.7122594817039498,-0.609473694640739,-0.5899978191607597,-1.3645764932764968
TCGA-69-8253-01,0.1270000747507292,-0.09586053914861081,-0.16752181866608643,0.9821164623896954,1.4739576519149236,-0.29657407074602254,-1.0062451618341848,-0.3587374560333421,-0.783088381712119,0.18311835030493137
TCGA-J2-A4AE-01,-1.0390915206877844,-0.7999997721674973,-0.4139200127769554,0.11730259569162828,-0.8305692686277537,-1.3349535193585098,-0.5826365699123258,-1.3370099058506864,-0.19597197844995926,-1.055037524560211
TCGA-62-8398-01,1.1635259373627413,0.8723309062523583,0.22238301597089322,0.14832730839828623,1.7503651848355994,-0.8308806935066234,1.535406389696969,-0.8746802059211521,-0.40466135189235686,0.6474268033793598
TCGA-MP-A5C7-01,-1.1686572535142858,-1.5921564093137448,-0.24766892356368783,0.29569469375490826,-0.8305692686277537,-1.0429939056953845,-0.8650422978602318,-1.0619992756268675,-0.2569777628103009,-1.2871917510974253
TCGA-J2-A4AG-01,-1.4277887191672889,-1.2400867928043016,-1.2928304941878135,0.1638396647516152,-0.8305692686277537,-0.7397643226012102,-1.0062451618341848,-0.7861921426867013,-0.783088381712119,-1.3645764932764968
TCGA-73-4659-01,1.1635259373627413,1.1363831186344409,-0.07221174797704695,-0.9259033690697145,-0.8305692686277537,0.05536116142392135,0.688189205853251,0.011671555081410684,0.20789747744785908,0.7248115455584311
TCGA-78-8640-01,-0.0025656580757723096,1.4004353310165234,-0.48486103130118363,0.2801823374015793,-0.6355507573333162,1.3207064662546597,1.6766092536709218,1.2472593143327764,0.9443794343594533,0.4152725768421456
TCGA-64-1681-01,1.4226574030157444,-0.18387794327597162,0.45199364081267007,0.33059749554989576,-0.6355507573333162,-0.7957293014539368,-0.8650422978602318,-0.8406756247480781,0.3612969549192399,-0.4359595871276399
TCGA-55-7914-01,-0.7799600550347814,-0.8880171762948582,-0.039719678423965295,-0.4450203221165292,0.14192610458915456,-0.11511867451516081,-0.8650422978602318,-0.16080950811395436,-0.4941084232728014,-0.9776527823811397
TCGA-55-5899-01,0.5156972732302337,1.3124179268891625,1.8361558037739478,-0.4062394312332079,0.2651005523896654,0.7626785109837256,1.253000661749063,0.7145936009815453,1.2845172891692658,0.8021962877375025
TCGA-38-6178-01,0.9043944717097383,-0.18387794327597162,0.693518024490577,-0.902634834539722,-0.45524792852723456,-0.9445095973112358,-0.8650422978602318,-0.9582557442224451,1.0113877917950997,0.02834886594678854
TCGA-55-8207-01,-0.0025656580757723096,-1.3281041969316623,1.0780075142020427,0.5981856426448136,0.5846104986441109,0.42030007352844656,-1.4298537537560438,0.3815937477449749,-1.101265828251057,-0.6681138136648541
TCGA-91-6849-01,-1.4277887191672889,-1.5921564093137448,-0.5785464985125691,-0.565241083854825,-0.8305692686277537,-0.49020451264065174,-1.0062451618341848,-0.5391225532964267,-1.1973801682258458,-1.5193459776346396
TCGA-55-7725-01,-1.1686572535142858,-0.7999997721674973,-0.6689827587686462,-0.1580417295799529,0.3794827046010024,-0.42423466324401476,-1.5710566177299967,-0.45704247495009703,-0.5507969883367494,-1.055037524560211
TCGA-73-4676-01,-0.7799600550347814,1.6644875433986057,-0.27907792413166677,0.01647227939499319,-0.45524792852723456,-0.7076271523857364,1.535406389696969,-0.7547287662402375,-0.5899978191607597,0.8795810299165739
TCGA-62-A46V-01,-1.1686572535142858,-0.18387794327597162,0.16064808382003798,0.39652501005154334,-0.8305692686277537,-1.1041083389693787,0.12337774995743914,-1.146533130296022,-0.4397335753026336,-0.12642061841135427
TCGA-49-6743-01,1.0339602045362397,0.16819167323347167,-0.8238616236383353,-1.1973696052529639,-0.8305692686277537,1.3903482585032807,1.535406389696969,1.309359804083473,0.5018828163946456,0.02834886594678854
TCGA-44-2668-01,-0.5208285893817783,1.6644875433986057,-0.16914642214374048,-1.592934692262841,-0.45524792852723456,0.5613253626135049,1.253000661749063,1.2171202862962989,-0.13742071242662365,1.4212742251700736
TCGA-86-A4JF-01,0.3861315404037322,1.04836571450708,-0.8265692961010921,7.326670210901065,2.09886483160037,2.0485101499030867,0.970594933801157,1.8936664723613785,-1.071050007560411,0.7248115455584311
TCGA-05-4249-01,1.1635259373627413,-1.1520693886769406,-0.21788452647336298,-1.3602493469629129,0.2651005523896654,0.5015517770769528,-1.0062451618341848,0.4585808405356358,-0.9578212501671229,-1.1324222667392825
TCGA-MP-A4TJ-01,0.1270000747507292,-1.2400867928043016,-1.1639452849605898,0.10954641751496487,-0.8305692686277537,-0.7182257179872498,-0.5826365699123258,-0.7547287662402375,-0.30449999071874184,-0.9776527823811397
TCGA-MP-A4TE-01,0.3861315404037322,0.08017426910611085,1.003275754229955,0.38876883187487776,0.8419922846916,-0.3622114005565384,0.2645806139313921,-0.4030190300732833,-0.16640443287968434,0.5700420612002883
TCGA-44-2659-01,1.2930916701892428,-0.6239649639127758,0.10811923804255609,-1.3641274360512445,1.2698457052008683,0.7868910006556739,-1.0062451618341848,1.4256524427102337,-0.27264269408202063,-1.1324222667392825
TCGA-95-7944-01,-0.26169712372877535,0.7843135021249975,-1.0827151110778857,0.6330884444398032,-0.8305692686277537,0.13388799072578975,0.12337774995743914,0.10516287121577596,-0.37046490278658817,0.8021962877375025
TCGA-44-7671-01,0.1270000747507292,-0.7119823680401365,0.2873671550770565,-0.4295079657632003,0.3794827046010024,0.09532891007061399,-0.7238394338862788,0.7483318619045473,-0.8797374550135372,-0.6681138136648541
TCGA-55-8087-01,-1.2982229863407875,-1.5041390051863839,-0.8812642798487796,0.07464361571997523,0.3794827046010024,-1.487579932216778,-1.5710566177299967,-1.4646484707184058,-0.9051854900785704,-2.0610391728881394
TCGA-35-4122-01,1.0339602045362397,1.9285397557806883,-1.0973365423767725,-1.4804701087012087,-0.8305692686277537,0.4774329816959878,1.3942035257230159,0.43123418702488775,0.6849443110966684,1.4212742251700736
TCGA-97-7553-01,-0.0025656580757723096,-1.4161216010590232,-1.2208064066784827,-1.6549841176761546,0.00919080116066151,-1.315054360425356,-0.017825114016513852,-1.319874301036828,-1.0416459833265819,-0.9776527823811397
TCGA-62-A472-01,0.7748287388832368,0.520261289742915,0.17364491164127072,0.4430620791115281,1.2203943270911937,-1.1200119150574315,0.5469863418792981,-1.146533130296022,-1.3412019691665436,0.02834886594678854
TCGA-97-7546-01,-1.1686572535142858,-1.5921564093137448,-0.9137563494018611,-0.04169905692998884,-0.8305692686277537,0.3287821986354374,-1.7122594817039498,0.28667734584308213,-0.28848185334074866,-1.3645764932764968
TCGA-86-7955-01,0.9043944717097383,1.04836571450708,1.862690993908964,0.664113157146459,1.3161371482316133,0.416631664428206,0.970594933801157,0.377956697439968,1.322499051036775,0.7248115455584311
TCGA-44-A4SU-01,-0.39126285655527687,-0.4479301556580541,0.2651642408824508,0.2918166046665744,-0.6355507573333162,-0.29657407074602254,-1.1474480258081379,-0.3443655634476772,0.101062956944336,0.5700420612002883
TCGA-78-7163-01,1.5522231358422458,-0.18387794327597162,0.6761889207289333,-0.13089510596162668,0.14192610458915456,-1.186402365304918,-1.0062451618341848,-1.1912695488919358,-0.6100521109734768,0.02834886594678854
TCGA-MP-A4T2-01,0.5156972732302337,0.08017426910611085,0.2077615846720066,0.08239979389664079,-0.1339493641313667,-0.8428797551059987,0.12337774995743914,-0.8746802059211521,-1.5098261423057435,0.02834886594678854
TCGA-44-2666-01,-1.686920184820292,-0.7999997721674973,-0.16914642214374048,-0.6001438856498147,0.2651005523896654,-1.419076520409449,-0.4414337059383728,-0.8979340827581629,-1.101265828251057,-0.35857484494856845
TCGA-78-7537-01,-1.686920184820292,-1.5041390051863839,-0.7247608115014365,-0.770779805536429,-0.8305692686277537,-0.29657407074602254,-1.5710566177299967,-0.33724971880432425,-1.1973801682258458,-1.1324222667392825
TCGA-64-1676-01,0.1270000747507292,1.2244005227618016,1.388848312926524,-1.5968127813511725,-0.1339493641313667,1.1007223622633242,-0.15902797799046683,1.0473766224281764,0.8512402366828937,1.1891199986328596
TCGA-55-A491-01,1.4226574030157444,0.43224388561555416,1.162486895040055,-0.5768753511198222,0.00919080116066151,0.6119581551889564,-0.017825114016513852,0.5765157799206582,0.6139570207999928,0.18311835030493137
TCGA-05-4405-01,1.1635259373627413,-1.3281041969316623,0.6929764899980254,-0.3364338276432307,-0.45524792852723456,0.6955400827426365,-1.0062451618341848,0.6576534931247855,-0.0673427774479663,-0.9002680402020683
TCGA-75-5146-01,-0.7799600550347814,-0.3599127515306933,0.322566897092895,-0.48380121299985057,-0.8305692686277537,-0.07420089797823982,-0.5826365699123258,-0.11359432912065436,0.4628747222449207,-0.9776527823811397
TCGA-44-A47F-01,1.5522231358422458,0.08017426910611085,0.2180507400304822,0.927823215153045,-0.8305692686277537,-0.7842826593576022,0.12337774995743914,-0.8185640040865572,-1.2667412584678621,0.02834886594678854
TCGA-86-A456-01,-0.9095257878612829,-1.1520693886769406,-1.2581722866645266,0.4624525245531888,-0.8305692686277537,0.5900805202171935,-0.8650422978602318,0.5521212804488002,-0.013536555907187567,-1.209807008918354
TCGA-64-5779-01,0.5156972732302337,0.2562090773608325,2.1979008447982564,-0.22009115499326665,-0.8305692686277537,0.583752486118462,0.829392069827204,0.5365795950019053,1.3964501480459721,-0.35857484494856845
TCGA-55-6969-01,1.1635259373627413,1.8405223516533273,-1.0025680061802844,-1.4067864160228976,-0.6355507573333162,0.8691423133077173,1.9590149816188278,0.8222141615485443,0.7108640279668946,1.0343505142747167
TCGA-78-7150-01,-0.0025656580757723096,1.04836571450708,1.0644691518882587,-0.14640746231495563,1.5074998471646202,0.6984163094613669,1.3942035257230159,0.6659821149124691,1.6637326726590935,1.266504740811931
TCGA-NJ-A4YP-01,-0.9095257878612829,-0.09586053914861081,-0.731800759904604,0.24527953560658963,-0.8305692686277537,0.9599040550598276,-0.017825114016513852,0.9152859687839823,-1.2667412584678621,1.0343505142747167
TCGA-50-5935-01,0.7748287388832368,-1.1520693886769406,0.8337754580613793,-0.26662822405325143,-0.1339493641313667,-0.656244693722448,-1.1474480258081379,-0.6943382918001426,-0.21098372287164038,-1.2871917510974253
TCGA-73-4668-01,1.1635259373627413,1.04836571450708,1.2816244834013544,-1.4300549505528921,-0.28842207732544994,1.0050250124648192,0.4057834779053451,0.9515220165690672,0.9138350643241592,1.5760437095282165
TCGA-MP-A4TC-01,-0.39126285655527687,1.2244005227618016,-0.6863118625302899,-0.24335968952325904,-0.8305692686277537,0.22038825672621631,0.970594933801157,0.18240087812412217,-0.9051854900785704,0.7248115455584311
TCGA-75-6214-01,0.7748287388832368,0.7843135021249975,1.3899313819116266,-0.6466809547098016,1.2698457052008683,1.3104279769390625,0.829392069827204,1.2378392679213912,0.874955626793225,1.1891199986328596
TCGA-55-A493-01,0.1270000747507292,1.7525049475259666,-0.8893872972370499,0.29957278284323996,1.4739576519149236,0.2633359321100169,1.535406389696969,0.22113104592674693,0.03844252021672747,1.498658967349145
TCGA-44-3396-01,-1.1686572535142858,1.04836571450708,-1.123871732511789,1.1954113622479627,0.00919080116066151,0.013871570295613441,0.5469863418792981,0.6604371460610607,-0.44864492741457607,0.9569657720956453
TCGA-86-7714-01,-1.5573544519937905,-1.1520693886769406,-1.0745920936896152,-0.4488984112048609,-0.8305692686277537,-0.9181021411716693,-1.1474480258081379,-0.9459310251565224,-2.1882124972207375,-1.5193459776346396
TCGA-44-2662-01,1.1635259373627413,1.3124179268891625,-0.16914642214374048,-1.724789721266134,-0.8305692686277537,0.039987421865982996,1.253000661749063,0.6797160169422145,0.519155277461894,1.266504740811931
TCGA-J2-A4AD-01,-0.9095257878612829,0.43224388561555416,0.3101116037642136,-0.27050631314158313,-0.8305692686277537,0.47394528568119515,1.11179779777511,0.4484092303955706,0.49221260558054775,0.6474268033793598
TCGA-55-6981-01,1.1635259373627413,0.520261289742915,0.15090046295411366,-1.5813004249978437,-0.8305692686277537,0.10994797876996239,-0.4414337059383728,0.06189255876743036,-0.13742071242662365,0.33788783466307415
TCGA-97-A4M0-01,0.1270000747507292,-1.0640519845495797,0.19963856728373616,0.5516485735848288,-0.8305692686277537,0.6425078317373211,-1.2886508897820907,0.6091511794298277,-0.09498114251913624,-1.5193459776346396
TCGA-55-7724-01,-0.5208285893817783,0.43224388561555416,-1.3177410808451764,1.3544130148695799,-0.8305692686277537,0.16194392168193916,0.4057834779053451,0.12846615375089424,-1.2667412584678621,0.9569657720956453
TCGA-NJ-A55R-01,0.7748287388832368,-0.4479301556580541,-1.0090664200909008,-0.3635804512615548,-0.8305692686277537,0.24206974606779075,0.12337774995743914,0.19546832682889345,-1.607294693342075,-0.5133443293067113
TCGA-L4-A4E5-01,0.25656580757723074,0.7843135021249975,1.4202573134945025,0.031984635748322165,-0.6355507573333162,0.4912777076242316,1.253000661749063,0.45181074507146035,0.4727093011682319,0.6474268033793598
TCGA-55-7574-01,-0.5208285893817783,-0.8880171762948582,-1.2121418547976608,-0.3635804512615548,-0.8305692686277537,0.30468715744925173,-1.2886508897820907,0.964009777736035,0.3924110626858146,-1.055037524560211
TCGA-55-6972-01,0.3861315404037322,-0.3599127515306933,1.0752998417392858,-1.1391982689279818,1.9994154844582535,0.3754716145851432,-0.8650422978602318,0.32949570915275234,0.7782457238236722,-0.4359595871276399
TCGA-44-3919-01,-1.1686572535142858,0.43224388561555416,-0.5227684457797789,-1.678252652206147,-0.6355507573333162,-1.1526317121819016,0.4057834779053451,-0.6004318942453398,-0.7600920967085945,0.8795810299165739
TCGA-44-2657-01,-0.6503943222082799,-0.7119823680401365,-1.1785667162594766,-1.3214684560795915,-0.6355507573333162,0.7070024653095279,-0.8650422978602318,1.33973182021316,-0.04694145660140064,-1.3645764932764968
TCGA-78-7536-01,0.1270000747507292,0.8723309062523583,2.4849141258504774,0.5012334154365101,2.030323417875209,1.22678198168519,1.3942035257230159,1.1556973538775988,2.1534595225618536,0.4152725768421456
TCGA-55-8620-01,-0.0025656580757723096,1.3124179268891625,0.4709473480519677,0.9045546806230527,2.0832849475758204,0.8937100625955684,1.535406389696969,0.8387150796673639,1.1112695462474431,0.5700420612002883
TCGA-62-8399-01,-0.26169712372877535,-0.3599127515306933,1.2242218271909102,0.16771775383994691,1.7320941505727467,0.9622011753054378,0.2645806139313921,0.9065695472569755,-0.013536555907187567,-0.35857484494856845
TCGA-05-4425-01,-0.6503943222082799,-0.18387794327597162,-0.14694350794913474,0.08239979389664079,-0.6355507573333162,-1.3552843165705206,0.5469863418792981,-1.3544038863092223,-1.6604040329742529,0.18311835030493137
TCGA-73-A9RS-01,0.3861315404037322,0.16819167323347167,2.152953481916494,1.3272663912512537,-0.45524792852723456,1.6167314889436004,0.688189205853251,1.5167028539275937,0.6586499740020785,-0.6681138136648541
TCGA-J2-8194-01,-0.0025656580757723096,-0.6239649639127758,0.0631718751607933,-0.10762657143163429,-0.45524792852723456,-0.26180710124430007,-0.4414337059383728,-0.2618873810845489,-1.1643644266349644,-0.5133443293067113
TCGA-55-1596-01,1.6817888686687474,0.7843135021249975,2.6387099217350642,-1.4959824650545375,1.5964063543800555,-0.018320515312732436,1.535406389696969,-0.07390668504961778,-0.013536555907187567,0.8021962877375025
TCGA-67-3770-01,0.1270000747507292,0.08017426910611085,0.7010995073862958,-1.2632971197546095,1.7503651848355994,0.029616267981970264,-0.5826365699123258,-0.009093593885200483,0.6674571854842649,0.02834886594678854
TCGA-97-8552-01,0.7748287388832368,-1.5041390051863839,0.2694965168228615,1.850808418176092,-0.8305692686277537,-1.8287665846174375,-1.4298537537560438,-1.698688442636199,-0.5899978191607597,-1.055037524560211
TCGA-55-7726-01,1.0339602045362397,1.04836571450708,-0.019682902199565058,1.26521696583794,-0.8305692686277537,-0.47331289918301916,1.11179779777511,-0.5138518166203342,-0.42208461180415674,1.4212742251700736
TCGA-86-8673-01,1.9409203343217505,1.4004353310165234,-0.2579580789221636,0.869651878828063,1.9136493593151875,0.8937100625955684,0.5469863418792981,0.852650457078218,1.3903859603405035,0.8021962877375025
TCGA-69-7979-01,1.0339602045362397,0.43224388561555416,1.9758717028521986,1.366047282134575,0.14192610458915456,2.1376613178846497,0.970594933801157,1.9631249908804362,3.8954898753543716,0.9569657720956453
TCGA-93-A4JP-01,-0.6503943222082799,-1.2400867928043016,-1.2143079927678664,-0.6311685983564725,-0.6355507573333162,-1.1041083389693787,-0.5826365699123258,-1.1176531592162056,-0.8065289199298805,-0.9002680402020683
TCGA-78-7535-01,1.9409203343217505,-0.09586053914861081,2.8266223906503862,-0.20457879863993766,1.712718598055405,-0.20845695811983225,0.2645806139313921,-0.2487271016407431,-0.3370932564944581,0.2605030924840028
TCGA-62-A46S-01,0.25656580757723074,-1.3281041969316623,-0.15831573229271326,0.02035036848332705,-0.8305692686277537,-0.5073777779538435,-1.7122594817039498,-0.5306346559543699,0.08873733041093522,-1.4419612354555682
TCGA-73-4675-01,1.1635259373627413,0.16819167323347167,-0.01805829872191085,-0.7746578946247608,-0.6355507573333162,-0.9716482945667,-0.15902797799046683,-0.9960562115374182,-0.4757377271543584,0.18311835030493137
TCGA-50-7109-01,0.7748287388832368,-0.3599127515306933,1.5561824711248942,-0.47604503482318716,-0.28842207732544994,0.2463556670072344,-0.017825114016513852,0.23373358108483813,1.2523239865148266,-0.5907290714857827
TCGA-50-5930-01,-1.686920184820292,-0.3599127515306933,-0.6067062921252399,-1.267175208842941,-0.8305692686277537,1.8450544751413716,0.12337774995743914,1.7165297254416552,1.2717002593780569,0.33788783466307415
TCGA-50-8459-01,-1.4277887191672889,-0.535947559785415,-1.3854328924140962,0.6563569789697956,0.7622099067352958,-0.8073089641457623,-1.0062451618341848,-0.8518966965981203,-0.8548295785945422,-0.4359595871276399
TCGA-86-6851-01,0.3861315404037322,-0.8880171762948582,-0.45291049624065344,-0.057211413283315665,-0.8305692686277537,1.605926434312175,-0.3002308419644198,1.5035085627377143,0.3402308001513794,-0.822883298022997
TCGA-49-4506-01,0.6452630060567353,1.2244005227618016,-1.2116003203051096,-0.6466809547098016,-0.8305692686277537,-0.4162763880617651,0.829392069827204,-0.4649811570495956,-1.1643644266349644,1.5760437095282165
TCGA-86-8075-01,1.5522231358422458,0.6962960979976366,-0.12257445578432351,-0.6932180237697864,0.9163716691329754,-1.1693678468677031,0.688189205853251,-1.1912695488919358,0.7448626307287846,0.8795810299165739
TCGA-44-A47B-01,0.3861315404037322,-0.7999997721674973,0.23808751625488273,0.5012334154365101,0.8419922846916,-1.3760669927341873,-0.3002308419644198,-1.3544038863092223,0.7108640279668946,-0.5133443293067113
TCGA-J2-8192-01,0.1270000747507292,-0.27189534740333243,-1.0594291278981773,0.6563569789697956,-0.8305692686277537,-0.9181021411716693,-0.5826365699123258,-0.9337392122947249,-0.123139252127136,0.02834886594678854
TCGA-78-7153-01,0.1270000747507292,-0.6239649639127758,-0.27961945862421805,-0.6660714001514623,-0.8305692686277537,-0.4322544732850795,-1.0062451618341848,-0.48103210540378094,1.1593896914667534,-0.5907290714857827
TCGA-55-8204-01,-0.6503943222082799,1.488452735143884,0.08645785834050165,1.0984591350396595,-0.45524792852723456,0.06043790504768112,1.253000661749063,0.016800743423392307,-0.9850753485371565,1.8855826782445022
TCGA-L9-A444-01,1.9409203343217505,-0.7119823680401365,0.4741965550072758,0.4663306136415205,-0.8305692686277537,1.0226061460076403,-0.8650422978602318,0.9598641794920723,1.2972553258770532,-0.5133443293067113
TCGA-4B-A93V-01,1.4226574030157444,0.9603483103797191,1.03306015132028,1.2303141640429502,1.438220335993468,-0.3773742899806318,0.12337774995743914,-0.418185475687242,0.24199190418600916,0.18311835030493137
TCGA-S2-AA1A-01,0.1270000747507292,-1.3281041969316623,-1.0967950078842212,0.4663306136415205,-0.8305692686277537,-0.5426102056738966,-1.4298537537560438,-0.5825662788214787,-1.3806483570091046,-1.6741154619927823
TCGA-05-4424-01,0.5156972732302337,-0.535947559785415,-0.25037659602644463,-0.565241083854825,-0.8305692686277537,1.3626321364332028,0.5469863418792981,1.2855823406939992,0.101062956944336,-0.4359595871276399
TCGA-55-7576-01,0.5156972732302337,-0.27189534740333243,0.9642852707662573,-0.30928720402490445,-0.6355507573333162,0.7211731625161613,0.5469863418792981,1.3608728772132792,1.4561568334773245,0.5700420612002883
TCGA-44-6778-01,1.2930916701892428,-0.7999997721674973,0.7411730598350966,-0.3519461839965597,-0.8305692686277537,0.6839633054506468,0.688189205853251,1.325384288160201,1.7683111969763559,-0.822883298022997
TCGA-49-6744-01,-1.2982229863407875,-0.7999997721674973,-0.9327100566411588,-0.7397550928297711,-0.8305692686277537,0.19827397408975345,-1.0062451618341848,0.16025883800719842,-0.28848185334074866,-0.5133443293067113
TCGA-64-5774-01,0.5156972732302337,1.1363831186344409,1.8469864936249751,-0.25111586769992245,1.1675379860699333,-0.36976529587662527,0.4057834779053451,-0.41057609286673175,0.3402308001513794,0.8021962877375025
TCGA-78-7542-01,1.6817888686687474,1.7525049475259666,0.7557944911339832,0.31896322828490065,0.14192610458915456,0.5869208629880672,1.253000661749063,0.5552020108956266,0.5114996970237345,2.040352162602645
TCGA-97-8171-01,-1.1686572535142858,-0.4479301556580541,-0.23954590617541743,0.40040309913987504,1.9905388419726175,-1.1041083389693787,-0.3002308419644198,-1.1034827508060752,1.2523239865148266,-0.7454985558439255
TCGA-49-4512-01,2.0704860671482517,-0.27189534740333243,0.2667888443601047,-0.3403119167315624,-0.6355507573333162,-1.3349535193585098,-1.2886508897820907,-1.319874301036828,-0.18111345501277662,0.2605030924840028
